Date,date_time,year,month,month_year,term_year_bush,SP 500
1927-12-01,1927-12-01,1927,12,1927-12,-74,17.66
1928-01-01,1928-01-01,1928,1,1928-01,-73,17.57
1928-02-01,1928-02-01,1928,2,1928-02,-73,17.26
1928-03-01,1928-03-01,1928,3,1928-03,-73,19.280001000000002
1928-04-01,1928-04-01,1928,4,1928-04,-73,19.75
1928-05-01,1928-05-01,1928,5,1928-05,-73,20.0
1928-06-01,1928-06-01,1928,6,1928-06,-73,19.139999
1928-07-01,1928-07-01,1928,7,1928-07,-73,19.43
1928-08-01,1928-08-01,1928,8,1928-08,-73,20.870001000000002
1928-09-01,1928-09-01,1928,9,1928-09,-73,21.139999
1928-10-01,1928-10-01,1928,10,1928-10,-73,21.68
1928-11-01,1928-11-01,1928,11,1928-11,-73,24.280001000000002
1928-12-01,1928-12-01,1928,12,1928-12,-73,24.35
1929-01-01,1929-01-01,1929,1,1929-01,-72,25.74
1929-02-01,1929-02-01,1929,2,1929-02,-72,25.59
1929-03-01,1929-03-01,1929,3,1929-03,-72,25.530001000000002
1929-04-01,1929-04-01,1929,4,1929-04,-72,25.940001000000002
1929-05-01,1929-05-01,1929,5,1929-05,-72,24.83
1929-06-01,1929-06-01,1929,6,1929-06,-72,27.41
1929-07-01,1929-07-01,1929,7,1929-07,-72,28.879998999999998
1929-08-01,1929-08-01,1929,8,1929-08,-72,31.709999
1929-09-01,1929-09-01,1929,9,1929-09,-72,30.16
1929-10-01,1929-10-01,1929,10,1929-10,-72,24.15
1929-11-01,1929-11-01,1929,11,1929-11,-72,20.92
1929-12-01,1929-12-01,1929,12,1929-12,-72,21.450001
1930-01-01,1930-01-01,1930,1,1930-01,-71,22.790001
1930-02-01,1930-02-01,1930,2,1930-02,-71,23.280001000000002
1930-03-01,1930-03-01,1930,3,1930-03,-71,24.15
1930-04-01,1930-04-01,1930,4,1930-04,-71,24.9
1930-05-01,1930-05-01,1930,5,1930-05,-71,24.49
1930-06-01,1930-06-01,1930,6,1930-06,-71,20.459999
1930-07-01,1930-07-01,1930,7,1930-07,-71,21.209999
1930-08-01,1930-08-01,1930,8,1930-08,-71,21.370001000000002
1930-09-01,1930-09-01,1930,9,1930-09,-71,18.59
1930-10-01,1930-10-01,1930,10,1930-10,-71,16.940001000000002
1930-11-01,1930-11-01,1930,11,1930-11,-71,16.379998999999998
1930-12-01,1930-12-01,1930,12,1930-12,-71,15.34
1931-01-01,1931-01-01,1931,1,1931-01,-70,16.190001000000002
1931-02-01,1931-02-01,1931,2,1931-02,-70,18.030001000000002
1931-03-01,1931-03-01,1931,3,1931-03,-70,16.690001000000002
1931-04-01,1931-04-01,1931,4,1931-04,-70,15.09
1931-05-01,1931-05-01,1931,5,1931-05,-70,13.02
1931-06-01,1931-06-01,1931,6,1931-06,-70,14.83
1931-07-01,1931-07-01,1931,7,1931-07,-70,13.73
1931-08-01,1931-08-01,1931,8,1931-08,-70,13.86
1931-09-01,1931-09-01,1931,9,1931-09,-70,9.71
1931-10-01,1931-10-01,1931,10,1931-10,-70,10.43
1931-11-01,1931-11-01,1931,11,1931-11,-70,9.5
1931-12-01,1931-12-01,1931,12,1931-12,-70,8.12
1932-01-01,1932-01-01,1932,1,1932-01,-69,7.94
1932-02-01,1932-02-01,1932,2,1932-02,-69,8.29
1932-03-01,1932-03-01,1932,3,1932-03,-69,7.31
1932-04-01,1932-04-01,1932,4,1932-04,-69,5.83
1932-05-01,1932-05-01,1932,5,1932-05,-69,4.47
1932-06-01,1932-06-01,1932,6,1932-06,-69,4.43
1932-07-01,1932-07-01,1932,7,1932-07,-69,6.03
1932-08-01,1932-08-01,1932,8,1932-08,-69,8.39
1932-09-01,1932-09-01,1932,9,1932-09,-69,8.08
1932-10-01,1932-10-01,1932,10,1932-10,-69,6.96
1932-11-01,1932-11-01,1932,11,1932-11,-69,6.55
1932-12-01,1932-12-01,1932,12,1932-12,-69,6.92
1933-01-01,1933-01-01,1933,1,1933-01,-68,6.94
1933-02-01,1933-02-01,1933,2,1933-02,-68,5.66
1933-03-01,1933-03-01,1933,3,1933-03,-68,5.85
1933-04-01,1933-04-01,1933,4,1933-04,-68,7.83
1933-05-01,1933-05-01,1933,5,1933-05,-68,9.64
1933-06-01,1933-06-01,1933,6,1933-06,-68,10.91
1933-07-01,1933-07-01,1933,7,1933-07,-68,9.95
1933-08-01,1933-08-01,1933,8,1933-08,-68,11.09
1933-09-01,1933-09-01,1933,9,1933-09,-68,9.72
1933-10-01,1933-10-01,1933,10,1933-10,-68,8.96
1933-11-01,1933-11-01,1933,11,1933-11,-68,9.88
1933-12-01,1933-12-01,1933,12,1933-12,-68,9.97
1934-01-01,1934-01-01,1934,1,1934-01,-67,11.17
1934-02-01,1934-02-01,1934,2,1934-02,-67,10.76
1934-03-01,1934-03-01,1934,3,1934-03,-67,10.62
1934-04-01,1934-04-01,1934,4,1934-04,-67,10.46
1934-05-01,1934-05-01,1934,5,1934-05,-67,9.61
1934-06-01,1934-06-01,1934,6,1934-06,-67,9.81
1934-07-01,1934-07-01,1934,7,1934-07,-67,8.68
1934-08-01,1934-08-01,1934,8,1934-08,-67,9.15
1934-09-01,1934-09-01,1934,9,1934-09,-67,9.08
1934-10-01,1934-10-01,1934,10,1934-10,-67,8.81
1934-11-01,1934-11-01,1934,11,1934-11,-67,9.54
1934-12-01,1934-12-01,1934,12,1934-12,-67,9.5
1935-01-01,1935-01-01,1935,1,1935-01,-66,9.1
1935-02-01,1935-02-01,1935,2,1935-02,-66,8.74
1935-03-01,1935-03-01,1935,3,1935-03,-66,8.45
1935-04-01,1935-04-01,1935,4,1935-04,-66,9.28
1935-05-01,1935-05-01,1935,5,1935-05,-66,9.58
1935-06-01,1935-06-01,1935,6,1935-06,-66,10.24
1935-07-01,1935-07-01,1935,7,1935-07,-66,11.08
1935-08-01,1935-08-01,1935,8,1935-08,-66,11.24
1935-09-01,1935-09-01,1935,9,1935-09,-66,11.59
1935-10-01,1935-10-01,1935,10,1935-10,-66,12.46
1935-11-01,1935-11-01,1935,11,1935-11,-66,12.94
1935-12-01,1935-12-01,1935,12,1935-12,-66,13.43
1936-01-01,1936-01-01,1936,1,1936-01,-65,14.31
1936-02-01,1936-02-01,1936,2,1936-02,-65,14.6
1936-03-01,1936-03-01,1936,3,1936-03,-65,14.92
1936-04-01,1936-04-01,1936,4,1936-04,-65,13.77
1936-05-01,1936-05-01,1936,5,1936-05,-65,14.4
1936-06-01,1936-06-01,1936,6,1936-06,-65,14.84
1936-07-01,1936-07-01,1936,7,1936-07,-65,15.85
1936-08-01,1936-08-01,1936,8,1936-08,-65,15.99
1936-09-01,1936-09-01,1936,9,1936-09,-65,16.01
1936-10-01,1936-10-01,1936,10,1936-10,-65,17.23
1936-11-01,1936-11-01,1936,11,1936-11,-65,17.280001000000002
1936-12-01,1936-12-01,1936,12,1936-12,-65,17.18
1937-01-01,1937-01-01,1937,1,1937-01,-64,17.77
1937-02-01,1937-02-01,1937,2,1937-02,-64,18.059998999999998
1937-03-01,1937-03-01,1937,3,1937-03,-64,17.92
1937-04-01,1937-04-01,1937,4,1937-04,-64,16.43
1937-05-01,1937-05-01,1937,5,1937-05,-64,16.26
1937-06-01,1937-06-01,1937,6,1937-06,-64,15.4
1937-07-01,1937-07-01,1937,7,1937-07,-64,16.77
1937-08-01,1937-08-01,1937,8,1937-08,-64,16.040001
1937-09-01,1937-09-01,1937,9,1937-09,-64,13.76
1937-10-01,1937-10-01,1937,10,1937-10,-64,12.35
1937-11-01,1937-11-01,1937,11,1937-11,-64,11.11
1937-12-01,1937-12-01,1937,12,1937-12,-64,10.55
1938-01-01,1938-01-01,1938,1,1938-01,-63,10.69
1938-02-01,1938-02-01,1938,2,1938-02,-63,11.34
1938-03-01,1938-03-01,1938,3,1938-03,-63,8.5
1938-04-01,1938-04-01,1938,4,1938-04,-63,9.78
1938-05-01,1938-05-01,1938,5,1938-05,-63,9.27
1938-06-01,1938-06-01,1938,6,1938-06,-63,11.56
1938-07-01,1938-07-01,1938,7,1938-07,-63,12.33
1938-08-01,1938-08-01,1938,8,1938-08,-63,12.06
1938-09-01,1938-09-01,1938,9,1938-09,-63,12.24
1938-10-01,1938-10-01,1938,10,1938-10,-63,13.17
1938-11-01,1938-11-01,1938,11,1938-11,-63,12.73
1938-12-01,1938-12-01,1938,12,1938-12,-63,13.14
1939-01-01,1939-01-01,1939,1,1939-01,-62,12.3
1939-02-01,1939-02-01,1939,2,1939-02,-62,12.7
1939-03-01,1939-03-01,1939,3,1939-03,-62,10.98
1939-04-01,1939-04-01,1939,4,1939-04,-62,10.93
1939-05-01,1939-05-01,1939,5,1939-05,-62,11.6
1939-06-01,1939-06-01,1939,6,1939-06,-62,10.86
1939-07-01,1939-07-01,1939,7,1939-07,-62,12.04
1939-08-01,1939-08-01,1939,8,1939-08,-62,11.18
1939-09-01,1939-09-01,1939,9,1939-09,-62,12.79
1939-10-01,1939-10-01,1939,10,1939-10,-62,12.83
1939-11-01,1939-11-01,1939,11,1939-11,-62,12.2
1939-12-01,1939-12-01,1939,12,1939-12,-62,12.46
1940-01-01,1940-01-01,1940,1,1940-01,-61,12.05
1940-02-01,1940-02-01,1940,2,1940-02,-61,12.13
1940-03-01,1940-03-01,1940,3,1940-03,-61,12.18
1940-04-01,1940-04-01,1940,4,1940-04,-61,12.19
1940-05-01,1940-05-01,1940,5,1940-05,-61,9.27
1940-06-01,1940-06-01,1940,6,1940-06,-61,9.98
1940-07-01,1940-07-01,1940,7,1940-07,-61,10.29
1940-08-01,1940-08-01,1940,8,1940-08,-61,10.5
1940-09-01,1940-09-01,1940,9,1940-09,-61,10.66
1940-10-01,1940-10-01,1940,10,1940-10,-61,11.08
1940-11-01,1940-11-01,1940,11,1940-11,-61,10.57
1940-12-01,1940-12-01,1940,12,1940-12,-61,10.58
1941-01-01,1941-01-01,1941,1,1941-01,-60,10.07
1941-02-01,1941-02-01,1941,2,1941-02,-60,9.92
1941-03-01,1941-03-01,1941,3,1941-03,-60,9.96
1941-04-01,1941-04-01,1941,4,1941-04,-60,9.31
1941-05-01,1941-05-01,1941,5,1941-05,-60,9.38
1941-06-01,1941-06-01,1941,6,1941-06,-60,9.85
1941-07-01,1941-07-01,1941,7,1941-07,-60,10.39
1941-08-01,1941-08-01,1941,8,1941-08,-60,10.28
1941-09-01,1941-09-01,1941,9,1941-09,-60,10.2
1941-10-01,1941-10-01,1941,10,1941-10,-60,9.5
1941-11-01,1941-11-01,1941,11,1941-11,-60,9.12
1941-12-01,1941-12-01,1941,12,1941-12,-60,8.69
1942-01-01,1942-01-01,1942,1,1942-01,-59,8.85
1942-02-01,1942-02-01,1942,2,1942-02,-59,8.59
1942-03-01,1942-03-01,1942,3,1942-03,-59,8.01
1942-04-01,1942-04-01,1942,4,1942-04,-59,7.66
1942-05-01,1942-05-01,1942,5,1942-05,-59,8.15
1942-06-01,1942-06-01,1942,6,1942-06,-59,8.3
1942-07-01,1942-07-01,1942,7,1942-07,-59,8.56
1942-08-01,1942-08-01,1942,8,1942-08,-59,8.62
1942-09-01,1942-09-01,1942,9,1942-09,-59,8.85
1942-10-01,1942-10-01,1942,10,1942-10,-59,9.36
1942-11-01,1942-11-01,1942,11,1942-11,-59,9.29
1942-12-01,1942-12-01,1942,12,1942-12,-59,9.77
1943-01-01,1943-01-01,1943,1,1943-01,-58,10.44
1943-02-01,1943-02-01,1943,2,1943-02,-58,10.97
1943-03-01,1943-03-01,1943,3,1943-03,-58,11.58
1943-04-01,1943-04-01,1943,4,1943-04,-58,11.59
1943-05-01,1943-05-01,1943,5,1943-05,-58,12.05
1943-06-01,1943-06-01,1943,6,1943-06,-58,12.35
1943-07-01,1943-07-01,1943,7,1943-07,-58,11.85
1943-08-01,1943-08-01,1943,8,1943-08,-58,11.8
1943-09-01,1943-09-01,1943,9,1943-09,-58,12.08
1943-10-01,1943-10-01,1943,10,1943-10,-58,11.91
1943-11-01,1943-11-01,1943,11,1943-11,-58,11.02
1943-12-01,1943-12-01,1943,12,1943-12,-58,11.67
1944-01-01,1944-01-01,1944,1,1944-01,-57,11.85
1944-02-01,1944-02-01,1944,2,1944-02,-57,11.82
1944-03-01,1944-03-01,1944,3,1944-03,-57,12.02
1944-04-01,1944-04-01,1944,4,1944-04,-57,11.87
1944-05-01,1944-05-01,1944,5,1944-05,-57,12.35
1944-06-01,1944-06-01,1944,6,1944-06,-57,12.98
1944-07-01,1944-07-01,1944,7,1944-07,-57,12.71
1944-08-01,1944-08-01,1944,8,1944-08,-57,12.82
1944-09-01,1944-09-01,1944,9,1944-09,-57,12.74
1944-10-01,1944-10-01,1944,10,1944-10,-57,12.78
1944-11-01,1944-11-01,1944,11,1944-11,-57,12.83
1944-12-01,1944-12-01,1944,12,1944-12,-57,13.28
1945-01-01,1945-01-01,1945,1,1945-01,-56,13.47
1945-02-01,1945-02-01,1945,2,1945-02,-56,14.3
1945-03-01,1945-03-01,1945,3,1945-03,-56,13.61
1945-04-01,1945-04-01,1945,4,1945-04,-56,14.84
1945-05-01,1945-05-01,1945,5,1945-05,-56,15.01
1945-06-01,1945-06-01,1945,6,1945-06,-56,14.87
1945-07-01,1945-07-01,1945,7,1945-07,-56,14.66
1945-08-01,1945-08-01,1945,8,1945-08,-56,15.51
1945-09-01,1945-09-01,1945,9,1945-09,-56,16.049999
1945-10-01,1945-10-01,1945,10,1945-10,-56,16.65
1945-11-01,1945-11-01,1945,11,1945-11,-56,17.190001000000002
1945-12-01,1945-12-01,1945,12,1945-12,-56,17.360001
1946-01-01,1946-01-01,1946,1,1946-01,-55,18.57
1946-02-01,1946-02-01,1946,2,1946-02,-55,17.280001000000002
1946-03-01,1946-03-01,1946,3,1946-03,-55,18.040001
1946-04-01,1946-04-01,1946,4,1946-04,-55,18.76
1946-05-01,1946-05-01,1946,5,1946-05,-55,19.18
1946-06-01,1946-06-01,1946,6,1946-06,-55,18.43
1946-07-01,1946-07-01,1946,7,1946-07,-55,17.959999
1946-08-01,1946-08-01,1946,8,1946-08,-55,16.65
1946-09-01,1946-09-01,1946,9,1946-09,-55,14.96
1946-10-01,1946-10-01,1946,10,1946-10,-55,14.84
1946-11-01,1946-11-01,1946,11,1946-11,-55,14.68
1946-12-01,1946-12-01,1946,12,1946-12,-55,15.3
1947-01-01,1947-01-01,1947,1,1947-01,-54,15.66
1947-02-01,1947-02-01,1947,2,1947-02,-54,15.43
1947-03-01,1947-03-01,1947,3,1947-03,-54,15.17
1947-04-01,1947-04-01,1947,4,1947-04,-54,14.58
1947-05-01,1947-05-01,1947,5,1947-05,-54,14.45
1947-06-01,1947-06-01,1947,6,1947-06,-54,15.21
1947-07-01,1947-07-01,1947,7,1947-07,-54,15.76
1947-08-01,1947-08-01,1947,8,1947-08,-54,15.32
1947-09-01,1947-09-01,1947,9,1947-09,-54,15.11
1947-10-01,1947-10-01,1947,10,1947-10,-54,15.43
1947-11-01,1947-11-01,1947,11,1947-11,-54,14.98
1947-12-01,1947-12-01,1947,12,1947-12,-54,15.3
1948-01-01,1948-01-01,1948,1,1948-01,-53,14.68
1948-02-01,1948-02-01,1948,2,1948-02,-53,13.93
1948-03-01,1948-03-01,1948,3,1948-03,-53,15.08
1948-04-01,1948-04-01,1948,4,1948-04,-53,15.48
1948-05-01,1948-05-01,1948,5,1948-05,-53,16.690001000000002
1948-06-01,1948-06-01,1948,6,1948-06,-53,16.74
1948-07-01,1948-07-01,1948,7,1948-07,-53,15.85
1948-08-01,1948-08-01,1948,8,1948-08,-53,15.97
1948-09-01,1948-09-01,1948,9,1948-09,-53,15.49
1948-10-01,1948-10-01,1948,10,1948-10,-53,16.5
1948-11-01,1948-11-01,1948,11,1948-11,-53,14.75
1948-12-01,1948-12-01,1948,12,1948-12,-53,15.2
1949-01-01,1949-01-01,1949,1,1949-01,-52,15.22
1949-02-01,1949-02-01,1949,2,1949-02,-52,14.62
1949-03-01,1949-03-01,1949,3,1949-03,-52,15.06
1949-04-01,1949-04-01,1949,4,1949-04,-52,14.71
1949-05-01,1949-05-01,1949,5,1949-05,-52,14.19
1949-06-01,1949-06-01,1949,6,1949-06,-52,14.16
1949-07-01,1949-07-01,1949,7,1949-07,-52,15.04
1949-08-01,1949-08-01,1949,8,1949-08,-52,15.22
1949-09-01,1949-09-01,1949,9,1949-09,-52,15.58
1949-10-01,1949-10-01,1949,10,1949-10,-52,16.040001
1949-11-01,1949-11-01,1949,11,1949-11,-52,16.059998999999998
1949-12-01,1949-12-01,1949,12,1949-12,-52,16.790001
1950-01-01,1950-01-01,1950,1,1950-01,-51,17.049999
1950-02-01,1950-02-01,1950,2,1950-02,-51,17.219998999999998
1950-03-01,1950-03-01,1950,3,1950-03,-51,17.290001
1950-04-01,1950-04-01,1950,4,1950-04,-51,18.07
1950-05-01,1950-05-01,1950,5,1950-05,-51,18.780001000000002
1950-06-01,1950-06-01,1950,6,1950-06,-51,17.690001000000002
1950-07-01,1950-07-01,1950,7,1950-07,-51,17.84
1950-08-01,1950-08-01,1950,8,1950-08,-51,18.42
1950-09-01,1950-09-01,1950,9,1950-09,-51,19.450001
1950-10-01,1950-10-01,1950,10,1950-10,-51,19.530001000000002
1950-11-01,1950-11-01,1950,11,1950-11,-51,19.51
1950-12-01,1950-12-01,1950,12,1950-12,-51,20.41
1951-01-01,1951-01-01,1951,1,1951-01,-50,21.66
1951-02-01,1951-02-01,1951,2,1951-02,-50,21.799999
1951-03-01,1951-03-01,1951,3,1951-03,-50,21.4
1951-04-01,1951-04-01,1951,4,1951-04,-50,22.43
1951-05-01,1951-05-01,1951,5,1951-05,-50,21.52
1951-06-01,1951-06-01,1951,6,1951-06,-50,20.959999
1951-07-01,1951-07-01,1951,7,1951-07,-50,22.4
1951-08-01,1951-08-01,1951,8,1951-08,-50,23.280001000000002
1951-09-01,1951-09-01,1951,9,1951-09,-50,23.26
1951-10-01,1951-10-01,1951,10,1951-10,-50,22.940001000000002
1951-11-01,1951-11-01,1951,11,1951-11,-50,22.879998999999998
1951-12-01,1951-12-01,1951,12,1951-12,-50,23.77
1952-01-01,1952-01-01,1952,1,1952-01,-49,24.139999
1952-02-01,1952-02-01,1952,2,1952-02,-49,23.26
1952-03-01,1952-03-01,1952,3,1952-03,-49,24.370001000000002
1952-04-01,1952-04-01,1952,4,1952-04,-49,23.32
1952-05-01,1952-05-01,1952,5,1952-05,-49,23.860001
1952-06-01,1952-06-01,1952,6,1952-06,-49,24.959999
1952-07-01,1952-07-01,1952,7,1952-07,-49,25.4
1952-08-01,1952-08-01,1952,8,1952-08,-49,25.030001000000002
1952-09-01,1952-09-01,1952,9,1952-09,-49,24.540001
1952-10-01,1952-10-01,1952,10,1952-10,-49,24.52
1952-11-01,1952-11-01,1952,11,1952-11,-49,25.66
1952-12-01,1952-12-01,1952,12,1952-12,-49,26.57
1953-01-01,1953-01-01,1953,1,1953-01,-48,26.379998999999998
1953-02-01,1953-02-01,1953,2,1953-02,-48,25.9
1953-03-01,1953-03-01,1953,3,1953-03,-48,25.290001
1953-04-01,1953-04-01,1953,4,1953-04,-48,24.620001000000002
1953-05-01,1953-05-01,1953,5,1953-05,-48,24.540001
1953-06-01,1953-06-01,1953,6,1953-06,-48,24.139999
1953-07-01,1953-07-01,1953,7,1953-07,-48,24.75
1953-08-01,1953-08-01,1953,8,1953-08,-48,23.32
1953-09-01,1953-09-01,1953,9,1953-09,-48,23.35
1953-10-01,1953-10-01,1953,10,1953-10,-48,24.540001
1953-11-01,1953-11-01,1953,11,1953-11,-48,24.76
1953-12-01,1953-12-01,1953,12,1953-12,-48,24.809998999999998
1954-01-01,1954-01-01,1954,1,1954-01,-47,26.08
1954-02-01,1954-02-01,1954,2,1954-02,-47,26.15
1954-03-01,1954-03-01,1954,3,1954-03,-47,26.940001000000002
1954-04-01,1954-04-01,1954,4,1954-04,-47,28.26
1954-05-01,1954-05-01,1954,5,1954-05,-47,29.190001000000002
1954-06-01,1954-06-01,1954,6,1954-06,-47,29.209999
1954-07-01,1954-07-01,1954,7,1954-07,-47,30.879998999999998
1954-08-01,1954-08-01,1954,8,1954-08,-47,29.83
1954-09-01,1954-09-01,1954,9,1954-09,-47,32.310001
1954-10-01,1954-10-01,1954,10,1954-10,-47,31.68
1954-11-01,1954-11-01,1954,11,1954-11,-47,34.240002000000004
1954-12-01,1954-12-01,1954,12,1954-12,-47,35.98
1955-01-01,1955-01-01,1955,1,1955-01,-46,36.630001
1955-02-01,1955-02-01,1955,2,1955-02,-46,36.759997999999996
1955-03-01,1955-03-01,1955,3,1955-03,-46,36.580002
1955-04-01,1955-04-01,1955,4,1955-04,-46,37.959998999999996
1955-05-01,1955-05-01,1955,5,1955-05,-46,37.91
1955-06-01,1955-06-01,1955,6,1955-06,-46,41.029999
1955-07-01,1955-07-01,1955,7,1955-07,-46,43.52
1955-08-01,1955-08-01,1955,8,1955-08,-46,43.18
1955-09-01,1955-09-01,1955,9,1955-09,-46,43.669998
1955-10-01,1955-10-01,1955,10,1955-10,-46,42.34
1955-11-01,1955-11-01,1955,11,1955-11,-46,45.509997999999996
1955-12-01,1955-12-01,1955,12,1955-12,-46,45.48
1956-01-01,1956-01-01,1956,1,1956-01,-45,43.82
1956-02-01,1956-02-01,1956,2,1956-02,-45,45.34
1956-03-01,1956-03-01,1956,3,1956-03,-45,48.48
1956-04-01,1956-04-01,1956,4,1956-04,-45,48.380001
1956-05-01,1956-05-01,1956,5,1956-05,-45,45.200001
1956-06-01,1956-06-01,1956,6,1956-06,-45,46.970001
1956-07-01,1956-07-01,1956,7,1956-07,-45,49.389998999999996
1956-08-01,1956-08-01,1956,8,1956-08,-45,47.509997999999996
1956-09-01,1956-09-01,1956,9,1956-09,-45,45.349998
1956-10-01,1956-10-01,1956,10,1956-10,-45,45.580002
1956-11-01,1956-11-01,1956,11,1956-11,-45,45.080002
1956-12-01,1956-12-01,1956,12,1956-12,-45,46.669998
1957-01-01,1957-01-01,1957,1,1957-01,-44,44.720001
1957-02-01,1957-02-01,1957,2,1957-02,-44,43.259997999999996
1957-03-01,1957-03-01,1957,3,1957-03,-44,44.110001000000004
1957-04-01,1957-04-01,1957,4,1957-04,-44,45.740002000000004
1957-05-01,1957-05-01,1957,5,1957-05,-44,47.43
1957-06-01,1957-06-01,1957,6,1957-06,-44,47.369999
1957-07-01,1957-07-01,1957,7,1957-07,-44,47.91
1957-08-01,1957-08-01,1957,8,1957-08,-44,45.220001
1957-09-01,1957-09-01,1957,9,1957-09,-44,42.419998
1957-10-01,1957-10-01,1957,10,1957-10,-44,41.060001
1957-11-01,1957-11-01,1957,11,1957-11,-44,41.720001
1957-12-01,1957-12-01,1957,12,1957-12,-44,39.990002000000004
1958-01-01,1958-01-01,1958,1,1958-01,-43,41.700001
1958-02-01,1958-02-01,1958,2,1958-02,-43,40.84
1958-03-01,1958-03-01,1958,3,1958-03,-43,42.099998
1958-04-01,1958-04-01,1958,4,1958-04,-43,43.439999
1958-05-01,1958-05-01,1958,5,1958-05,-43,44.09
1958-06-01,1958-06-01,1958,6,1958-06,-43,45.240002000000004
1958-07-01,1958-07-01,1958,7,1958-07,-43,47.189999
1958-08-01,1958-08-01,1958,8,1958-08,-43,47.75
1958-09-01,1958-09-01,1958,9,1958-09,-43,50.060001
1958-10-01,1958-10-01,1958,10,1958-10,-43,51.330002
1958-11-01,1958-11-01,1958,11,1958-11,-43,52.48
1958-12-01,1958-12-01,1958,12,1958-12,-43,55.209998999999996
1959-01-01,1959-01-01,1959,1,1959-01,-42,55.450001
1959-02-01,1959-02-01,1959,2,1959-02,-42,55.41
1959-03-01,1959-03-01,1959,3,1959-03,-42,55.439999
1959-04-01,1959-04-01,1959,4,1959-04,-42,57.59
1959-05-01,1959-05-01,1959,5,1959-05,-42,58.68
1959-06-01,1959-06-01,1959,6,1959-06,-42,58.470001
1959-07-01,1959-07-01,1959,7,1959-07,-42,60.509997999999996
1959-08-01,1959-08-01,1959,8,1959-08,-42,59.599998
1959-09-01,1959-09-01,1959,9,1959-09,-42,56.880001
1959-10-01,1959-10-01,1959,10,1959-10,-42,57.52
1959-11-01,1959-11-01,1959,11,1959-11,-42,58.279999
1959-12-01,1959-12-01,1959,12,1959-12,-42,59.889998999999996
1960-01-01,1960-01-01,1960,1,1960-01,-41,55.610001000000004
1960-02-01,1960-02-01,1960,2,1960-02,-41,56.119999
1960-03-01,1960-03-01,1960,3,1960-03,-41,55.34
1960-04-01,1960-04-01,1960,4,1960-04,-41,54.369999
1960-05-01,1960-05-01,1960,5,1960-05,-41,55.830002
1960-06-01,1960-06-01,1960,6,1960-06,-41,56.919998
1960-07-01,1960-07-01,1960,7,1960-07,-41,55.509997999999996
1960-08-01,1960-08-01,1960,8,1960-08,-41,56.959998999999996
1960-09-01,1960-09-01,1960,9,1960-09,-41,53.52
1960-10-01,1960-10-01,1960,10,1960-10,-41,53.389998999999996
1960-11-01,1960-11-01,1960,11,1960-11,-41,55.540001000000004
1960-12-01,1960-12-01,1960,12,1960-12,-41,58.110001000000004
1961-01-01,1961-01-01,1961,1,1961-01,-40,61.779999
1961-02-01,1961-02-01,1961,2,1961-02,-40,63.439999
1961-03-01,1961-03-01,1961,3,1961-03,-40,65.059998
1961-04-01,1961-04-01,1961,4,1961-04,-40,65.309998
1961-05-01,1961-05-01,1961,5,1961-05,-40,66.559998
1961-06-01,1961-06-01,1961,6,1961-06,-40,64.639999
1961-07-01,1961-07-01,1961,7,1961-07,-40,66.760002
1961-08-01,1961-08-01,1961,8,1961-08,-40,68.07
1961-09-01,1961-09-01,1961,9,1961-09,-40,66.730003
1961-10-01,1961-10-01,1961,10,1961-10,-40,68.620003
1961-11-01,1961-11-01,1961,11,1961-11,-40,71.32
1961-12-01,1961-12-01,1961,12,1961-12,-40,71.550003
1962-01-01,1962-01-01,1962,1,1962-01,-39,68.839996
1962-02-01,1962-02-01,1962,2,1962-02,-39,69.959999
1962-03-01,1962-03-01,1962,3,1962-03,-39,69.550003
1962-04-01,1962-04-01,1962,4,1962-04,-39,65.239998
1962-05-01,1962-05-01,1962,5,1962-05,-39,59.630001
1962-06-01,1962-06-01,1962,6,1962-06,-39,54.75
1962-07-01,1962-07-01,1962,7,1962-07,-39,58.23
1962-08-01,1962-08-01,1962,8,1962-08,-39,59.119999
1962-09-01,1962-09-01,1962,9,1962-09,-39,56.27
1962-10-01,1962-10-01,1962,10,1962-10,-39,56.52
1962-11-01,1962-11-01,1962,11,1962-11,-39,62.259997999999996
1962-12-01,1962-12-01,1962,12,1962-12,-39,63.099998
1963-01-01,1963-01-01,1963,1,1963-01,-38,66.199997
1963-02-01,1963-02-01,1963,2,1963-02,-38,64.290001
1963-03-01,1963-03-01,1963,3,1963-03,-38,66.57
1963-04-01,1963-04-01,1963,4,1963-04,-38,69.800003
1963-05-01,1963-05-01,1963,5,1963-05,-38,70.800003
1963-06-01,1963-06-01,1963,6,1963-06,-38,69.370003
1963-07-01,1963-07-01,1963,7,1963-07,-38,69.129997
1963-08-01,1963-08-01,1963,8,1963-08,-38,72.5
1963-09-01,1963-09-01,1963,9,1963-09,-38,71.699997
1963-10-01,1963-10-01,1963,10,1963-10,-38,74.010002
1963-11-01,1963-11-01,1963,11,1963-11,-38,73.230003
1963-12-01,1963-12-01,1963,12,1963-12,-38,75.019997
1964-01-01,1964-01-01,1964,1,1964-01,-37,77.040001
1964-02-01,1964-02-01,1964,2,1964-02,-37,77.800003
1964-03-01,1964-03-01,1964,3,1964-03,-37,78.980003
1964-04-01,1964-04-01,1964,4,1964-04,-37,79.459999
1964-05-01,1964-05-01,1964,5,1964-05,-37,80.370003
1964-06-01,1964-06-01,1964,6,1964-06,-37,81.690002
1964-07-01,1964-07-01,1964,7,1964-07,-37,83.18
1964-08-01,1964-08-01,1964,8,1964-08,-37,81.83000200000001
1964-09-01,1964-09-01,1964,9,1964-09,-37,84.18
1964-10-01,1964-10-01,1964,10,1964-10,-37,84.860001
1964-11-01,1964-11-01,1964,11,1964-11,-37,84.41999799999999
1964-12-01,1964-12-01,1964,12,1964-12,-37,84.75
1965-01-01,1965-01-01,1965,1,1965-01,-36,87.559998
1965-02-01,1965-02-01,1965,2,1965-02,-36,87.43
1965-03-01,1965-03-01,1965,3,1965-03,-36,86.160004
1965-04-01,1965-04-01,1965,4,1965-04,-36,89.110001
1965-05-01,1965-05-01,1965,5,1965-05,-36,88.41999799999999
1965-06-01,1965-06-01,1965,6,1965-06,-36,84.120003
1965-07-01,1965-07-01,1965,7,1965-07,-36,85.25
1965-08-01,1965-08-01,1965,8,1965-08,-36,87.16999799999999
1965-09-01,1965-09-01,1965,9,1965-09,-36,89.959999
1965-10-01,1965-10-01,1965,10,1965-10,-36,92.41999799999999
1965-11-01,1965-11-01,1965,11,1965-11,-36,91.610001
1965-12-01,1965-12-01,1965,12,1965-12,-36,92.43
1966-01-01,1966-01-01,1966,1,1966-01,-35,92.879997
1966-02-01,1966-02-01,1966,2,1966-02,-35,91.220001
1966-03-01,1966-03-01,1966,3,1966-03,-35,89.230003
1966-04-01,1966-04-01,1966,4,1966-04,-35,91.059998
1966-05-01,1966-05-01,1966,5,1966-05,-35,86.129997
1966-06-01,1966-06-01,1966,6,1966-06,-35,84.739998
1966-07-01,1966-07-01,1966,7,1966-07,-35,83.599998
1966-08-01,1966-08-01,1966,8,1966-08,-35,77.099998
1966-09-01,1966-09-01,1966,9,1966-09,-35,76.559998
1966-10-01,1966-10-01,1966,10,1966-10,-35,80.199997
1966-11-01,1966-11-01,1966,11,1966-11,-35,80.449997
1966-12-01,1966-12-01,1966,12,1966-12,-35,80.33000200000001
1967-01-01,1967-01-01,1967,1,1967-01,-34,86.610001
1967-02-01,1967-02-01,1967,2,1967-02,-34,86.779999
1967-03-01,1967-03-01,1967,3,1967-03,-34,90.199997
1967-04-01,1967-04-01,1967,4,1967-04,-34,94.010002
1967-05-01,1967-05-01,1967,5,1967-05,-34,89.08000200000001
1967-06-01,1967-06-01,1967,6,1967-06,-34,90.639999
1967-07-01,1967-07-01,1967,7,1967-07,-34,94.75
1967-08-01,1967-08-01,1967,8,1967-08,-34,93.639999
1967-09-01,1967-09-01,1967,9,1967-09,-34,96.709999
1967-10-01,1967-10-01,1967,10,1967-10,-34,93.300003
1967-11-01,1967-11-01,1967,11,1967-11,-34,94.0
1967-12-01,1967-12-01,1967,12,1967-12,-34,96.470001
1968-01-01,1968-01-01,1968,1,1968-01,-33,92.239998
1968-02-01,1968-02-01,1968,2,1968-02,-33,89.360001
1968-03-01,1968-03-01,1968,3,1968-03,-33,90.199997
1968-04-01,1968-04-01,1968,4,1968-04,-33,97.459999
1968-05-01,1968-05-01,1968,5,1968-05,-33,98.68
1968-06-01,1968-06-01,1968,6,1968-06,-33,99.58000200000001
1968-07-01,1968-07-01,1968,7,1968-07,-33,97.739998
1968-08-01,1968-08-01,1968,8,1968-08,-33,98.860001
1968-09-01,1968-09-01,1968,9,1968-09,-33,102.66999799999999
1968-10-01,1968-10-01,1968,10,1968-10,-33,103.410004
1968-11-01,1968-11-01,1968,11,1968-11,-33,108.370003
1968-12-01,1968-12-01,1968,12,1968-12,-33,103.860001
1969-01-01,1969-01-01,1969,1,1969-01,-32,103.010002
1969-02-01,1969-02-01,1969,2,1969-02,-32,98.129997
1969-03-01,1969-03-01,1969,3,1969-03,-32,101.510002
1969-04-01,1969-04-01,1969,4,1969-04,-32,103.690002
1969-05-01,1969-05-01,1969,5,1969-05,-32,103.459999
1969-06-01,1969-06-01,1969,6,1969-06,-32,97.709999
1969-07-01,1969-07-01,1969,7,1969-07,-32,91.83000200000001
1969-08-01,1969-08-01,1969,8,1969-08,-32,95.510002
1969-09-01,1969-09-01,1969,9,1969-09,-32,93.120003
1969-10-01,1969-10-01,1969,10,1969-10,-32,97.120003
1969-11-01,1969-11-01,1969,11,1969-11,-32,93.809998
1969-12-01,1969-12-01,1969,12,1969-12,-32,92.059998
1970-01-01,1970-01-01,1970,1,1970-01,-31,85.019997
1970-02-01,1970-02-01,1970,2,1970-02,-31,89.5
1970-03-01,1970-03-01,1970,3,1970-03,-31,89.629997
1970-04-01,1970-04-01,1970,4,1970-04,-31,81.519997
1970-05-01,1970-05-01,1970,5,1970-05,-31,76.550003
1970-06-01,1970-06-01,1970,6,1970-06,-31,72.720001
1970-07-01,1970-07-01,1970,7,1970-07,-31,78.050003
1970-08-01,1970-08-01,1970,8,1970-08,-31,81.519997
1970-09-01,1970-09-01,1970,9,1970-09,-31,84.300003
1970-10-01,1970-10-01,1970,10,1970-10,-31,83.25
1970-11-01,1970-11-01,1970,11,1970-11,-31,87.199997
1970-12-01,1970-12-01,1970,12,1970-12,-31,92.150002
1971-01-01,1971-01-01,1971,1,1971-01,-30,95.879997
1971-02-01,1971-02-01,1971,2,1971-02,-30,96.75
1971-03-01,1971-03-01,1971,3,1971-03,-30,100.309998
1971-04-01,1971-04-01,1971,4,1971-04,-30,103.949997
1971-05-01,1971-05-01,1971,5,1971-05,-30,99.629997
1971-06-01,1971-06-01,1971,6,1971-06,-30,98.699997
1971-07-01,1971-07-01,1971,7,1971-07,-30,95.58000200000001
1971-08-01,1971-08-01,1971,8,1971-08,-30,99.029999
1971-09-01,1971-09-01,1971,9,1971-09,-30,98.339996
1971-10-01,1971-10-01,1971,10,1971-10,-30,94.230003
1971-11-01,1971-11-01,1971,11,1971-11,-30,93.989998
1971-12-01,1971-12-01,1971,12,1971-12,-30,102.089996
1972-01-01,1972-01-01,1972,1,1972-01,-29,103.940002
1972-02-01,1972-02-01,1972,2,1972-02,-29,106.57
1972-03-01,1972-03-01,1972,3,1972-03,-29,107.199997
1972-04-01,1972-04-01,1972,4,1972-04,-29,107.66999799999999
1972-05-01,1972-05-01,1972,5,1972-05,-29,109.529999
1972-06-01,1972-06-01,1972,6,1972-06,-29,107.139999
1972-07-01,1972-07-01,1972,7,1972-07,-29,107.389999
1972-08-01,1972-08-01,1972,8,1972-08,-29,111.089996
1972-09-01,1972-09-01,1972,9,1972-09,-29,110.550003
1972-10-01,1972-10-01,1972,10,1972-10,-29,111.58000200000001
1972-11-01,1972-11-01,1972,11,1972-11,-29,116.66999799999999
1972-12-01,1972-12-01,1972,12,1972-12,-29,118.050003
1973-01-01,1973-01-01,1973,1,1973-01,-28,116.029999
1973-02-01,1973-02-01,1973,2,1973-02,-28,111.68
1973-03-01,1973-03-01,1973,3,1973-03,-28,111.519997
1973-04-01,1973-04-01,1973,4,1973-04,-28,106.970001
1973-05-01,1973-05-01,1973,5,1973-05,-28,104.949997
1973-06-01,1973-06-01,1973,6,1973-06,-28,104.260002
1973-07-01,1973-07-01,1973,7,1973-07,-28,108.220001
1973-08-01,1973-08-01,1973,8,1973-08,-28,104.25
1973-09-01,1973-09-01,1973,9,1973-09,-28,108.43
1973-10-01,1973-10-01,1973,10,1973-10,-28,108.290001
1973-11-01,1973-11-01,1973,11,1973-11,-28,95.959999
1973-12-01,1973-12-01,1973,12,1973-12,-28,97.550003
1974-01-01,1974-01-01,1974,1,1974-01,-27,96.57
1974-02-01,1974-02-01,1974,2,1974-02,-27,96.220001
1974-03-01,1974-03-01,1974,3,1974-03,-27,93.980003
1974-04-01,1974-04-01,1974,4,1974-04,-27,90.309998
1974-05-01,1974-05-01,1974,5,1974-05,-27,87.279999
1974-06-01,1974-06-01,1974,6,1974-06,-27,86.0
1974-07-01,1974-07-01,1974,7,1974-07,-27,79.309998
1974-08-01,1974-08-01,1974,8,1974-08,-27,72.150002
1974-09-01,1974-09-01,1974,9,1974-09,-27,63.540001000000004
1974-10-01,1974-10-01,1974,10,1974-10,-27,73.900002
1974-11-01,1974-11-01,1974,11,1974-11,-27,69.970001
1974-12-01,1974-12-01,1974,12,1974-12,-27,68.559998
1975-01-01,1975-01-01,1975,1,1975-01,-26,76.980003
1975-02-01,1975-02-01,1975,2,1975-02,-26,81.589996
1975-03-01,1975-03-01,1975,3,1975-03,-26,83.360001
1975-04-01,1975-04-01,1975,4,1975-04,-26,87.300003
1975-05-01,1975-05-01,1975,5,1975-05,-26,91.150002
1975-06-01,1975-06-01,1975,6,1975-06,-26,95.190002
1975-07-01,1975-07-01,1975,7,1975-07,-26,88.75
1975-08-01,1975-08-01,1975,8,1975-08,-26,86.879997
1975-09-01,1975-09-01,1975,9,1975-09,-26,83.870003
1975-10-01,1975-10-01,1975,10,1975-10,-26,89.040001
1975-11-01,1975-11-01,1975,11,1975-11,-26,91.239998
1975-12-01,1975-12-01,1975,12,1975-12,-26,90.190002
1976-01-01,1976-01-01,1976,1,1976-01,-25,100.860001
1976-02-01,1976-02-01,1976,2,1976-02,-25,99.709999
1976-03-01,1976-03-01,1976,3,1976-03,-25,102.769997
1976-04-01,1976-04-01,1976,4,1976-04,-25,101.639999
1976-05-01,1976-05-01,1976,5,1976-05,-25,100.18
1976-06-01,1976-06-01,1976,6,1976-06,-25,104.279999
1976-07-01,1976-07-01,1976,7,1976-07,-25,103.440002
1976-08-01,1976-08-01,1976,8,1976-08,-25,102.910004
1976-09-01,1976-09-01,1976,9,1976-09,-25,105.239998
1976-10-01,1976-10-01,1976,10,1976-10,-25,102.900002
1976-11-01,1976-11-01,1976,11,1976-11,-25,102.099998
1976-12-01,1976-12-01,1976,12,1976-12,-25,107.459999
1977-01-01,1977-01-01,1977,1,1977-01,-24,102.029999
1977-02-01,1977-02-01,1977,2,1977-02,-24,99.82
1977-03-01,1977-03-01,1977,3,1977-03,-24,98.41999799999999
1977-04-01,1977-04-01,1977,4,1977-04,-24,98.440002
1977-05-01,1977-05-01,1977,5,1977-05,-24,96.120003
1977-06-01,1977-06-01,1977,6,1977-06,-24,100.480003
1977-07-01,1977-07-01,1977,7,1977-07,-24,98.849998
1977-08-01,1977-08-01,1977,8,1977-08,-24,96.769997
1977-09-01,1977-09-01,1977,9,1977-09,-24,96.529999
1977-10-01,1977-10-01,1977,10,1977-10,-24,92.339996
1977-11-01,1977-11-01,1977,11,1977-11,-24,94.83000200000001
1977-12-01,1977-12-01,1977,12,1977-12,-24,95.099998
1978-01-01,1978-01-01,1978,1,1978-01,-23,89.25
1978-02-01,1978-02-01,1978,2,1978-02,-23,87.040001
1978-03-01,1978-03-01,1978,3,1978-03,-23,89.209999
1978-04-01,1978-04-01,1978,4,1978-04,-23,96.83000200000001
1978-05-01,1978-05-01,1978,5,1978-05,-23,97.239998
1978-06-01,1978-06-01,1978,6,1978-06,-23,95.529999
1978-07-01,1978-07-01,1978,7,1978-07,-23,100.68
1978-08-01,1978-08-01,1978,8,1978-08,-23,103.290001
1978-09-01,1978-09-01,1978,9,1978-09,-23,102.540001
1978-10-01,1978-10-01,1978,10,1978-10,-23,93.150002
1978-11-01,1978-11-01,1978,11,1978-11,-23,94.699997
1978-12-01,1978-12-01,1978,12,1978-12,-23,96.110001
1979-01-01,1979-01-01,1979,1,1979-01,-22,99.93
1979-02-01,1979-02-01,1979,2,1979-02,-22,96.279999
1979-03-01,1979-03-01,1979,3,1979-03,-22,101.589996
1979-04-01,1979-04-01,1979,4,1979-04,-22,101.760002
1979-05-01,1979-05-01,1979,5,1979-05,-22,99.08000200000001
1979-06-01,1979-06-01,1979,6,1979-06,-22,102.910004
1979-07-01,1979-07-01,1979,7,1979-07,-22,103.809998
1979-08-01,1979-08-01,1979,8,1979-08,-22,109.32
1979-09-01,1979-09-01,1979,9,1979-09,-22,109.32
1979-10-01,1979-10-01,1979,10,1979-10,-22,101.82
1979-11-01,1979-11-01,1979,11,1979-11,-22,106.160004
1979-12-01,1979-12-01,1979,12,1979-12,-22,107.940002
1980-01-01,1980-01-01,1980,1,1980-01,-21,114.160004
1980-02-01,1980-02-01,1980,2,1980-02,-21,113.660004
1980-03-01,1980-03-01,1980,3,1980-03,-21,102.089996
1980-04-01,1980-04-01,1980,4,1980-04,-21,106.290001
1980-05-01,1980-05-01,1980,5,1980-05,-21,111.239998
1980-06-01,1980-06-01,1980,6,1980-06,-21,114.239998
1980-07-01,1980-07-01,1980,7,1980-07,-21,121.66999799999999
1980-08-01,1980-08-01,1980,8,1980-08,-21,122.379997
1980-09-01,1980-09-01,1980,9,1980-09,-21,125.459999
1980-10-01,1980-10-01,1980,10,1980-10,-21,127.470001
1980-11-01,1980-11-01,1980,11,1980-11,-21,140.520004
1980-12-01,1980-12-01,1980,12,1980-12,-21,135.759995
1981-01-01,1981-01-01,1981,1,1981-01,-20,129.550003
1981-02-01,1981-02-01,1981,2,1981-02,-20,131.270004
1981-03-01,1981-03-01,1981,3,1981-03,-20,136.0
1981-04-01,1981-04-01,1981,4,1981-04,-20,132.809998
1981-05-01,1981-05-01,1981,5,1981-05,-20,132.58999599999999
1981-06-01,1981-06-01,1981,6,1981-06,-20,131.21000700000002
1981-07-01,1981-07-01,1981,7,1981-07,-20,130.919998
1981-08-01,1981-08-01,1981,8,1981-08,-20,122.790001
1981-09-01,1981-09-01,1981,9,1981-09,-20,116.18
1981-10-01,1981-10-01,1981,10,1981-10,-20,121.889999
1981-11-01,1981-11-01,1981,11,1981-11,-20,126.349998
1981-12-01,1981-12-01,1981,12,1981-12,-20,122.550003
1982-01-01,1982-01-01,1982,1,1982-01,-19,120.400002
1982-02-01,1982-02-01,1982,2,1982-02,-19,113.110001
1982-03-01,1982-03-01,1982,3,1982-03,-19,111.959999
1982-04-01,1982-04-01,1982,4,1982-04,-19,116.440002
1982-05-01,1982-05-01,1982,5,1982-05,-19,111.879997
1982-06-01,1982-06-01,1982,6,1982-06,-19,109.610001
1982-07-01,1982-07-01,1982,7,1982-07,-19,107.089996
1982-08-01,1982-08-01,1982,8,1982-08,-19,119.510002
1982-09-01,1982-09-01,1982,9,1982-09,-19,120.41999799999999
1982-10-01,1982-10-01,1982,10,1982-10,-19,133.720001
1982-11-01,1982-11-01,1982,11,1982-11,-19,138.529999
1982-12-01,1982-12-01,1982,12,1982-12,-19,140.639999
1983-01-01,1983-01-01,1983,1,1983-01,-18,145.300003
1983-02-01,1983-02-01,1983,2,1983-02,-18,148.059998
1983-03-01,1983-03-01,1983,3,1983-03,-18,152.96000700000002
1983-04-01,1983-04-01,1983,4,1983-04,-18,164.429993
1983-05-01,1983-05-01,1983,5,1983-05,-18,162.389999
1983-06-01,1983-06-01,1983,6,1983-06,-18,167.639999
1983-07-01,1983-07-01,1983,7,1983-07,-18,162.559998
1983-08-01,1983-08-01,1983,8,1983-08,-18,164.399994
1983-09-01,1983-09-01,1983,9,1983-09,-18,166.070007
1983-10-01,1983-10-01,1983,10,1983-10,-18,163.550003
1983-11-01,1983-11-01,1983,11,1983-11,-18,166.399994
1983-12-01,1983-12-01,1983,12,1983-12,-18,164.929993
1984-01-01,1984-01-01,1984,1,1984-01,-17,163.41000400000001
1984-02-01,1984-02-01,1984,2,1984-02,-17,157.059998
1984-03-01,1984-03-01,1984,3,1984-03,-17,159.179993
1984-04-01,1984-04-01,1984,4,1984-04,-17,160.050003
1984-05-01,1984-05-01,1984,5,1984-05,-17,150.550003
1984-06-01,1984-06-01,1984,6,1984-06,-17,153.179993
1984-07-01,1984-07-01,1984,7,1984-07,-17,150.66000400000001
1984-08-01,1984-08-01,1984,8,1984-08,-17,166.679993
1984-09-01,1984-09-01,1984,9,1984-09,-17,166.100006
1984-10-01,1984-10-01,1984,10,1984-10,-17,166.08999599999999
1984-11-01,1984-11-01,1984,11,1984-11,-17,163.580002
1984-12-01,1984-12-01,1984,12,1984-12,-17,167.240005
1985-01-01,1985-01-01,1985,1,1985-01,-16,179.630005
1985-02-01,1985-02-01,1985,2,1985-02,-16,181.179993
1985-03-01,1985-03-01,1985,3,1985-03,-16,180.66000400000001
1985-04-01,1985-04-01,1985,4,1985-04,-16,179.830002
1985-05-01,1985-05-01,1985,5,1985-05,-16,189.550003
1985-06-01,1985-06-01,1985,6,1985-06,-16,191.850006
1985-07-01,1985-07-01,1985,7,1985-07,-16,190.919998
1985-08-01,1985-08-01,1985,8,1985-08,-16,188.630005
1985-09-01,1985-09-01,1985,9,1985-09,-16,182.080002
1985-10-01,1985-10-01,1985,10,1985-10,-16,189.820007
1985-11-01,1985-11-01,1985,11,1985-11,-16,202.169998
1985-12-01,1985-12-01,1985,12,1985-12,-16,211.27999900000003
1986-01-01,1986-01-01,1986,1,1986-01,-15,211.77999900000003
1986-02-01,1986-02-01,1986,2,1986-02,-15,226.919998
1986-03-01,1986-03-01,1986,3,1986-03,-15,238.899994
1986-04-01,1986-04-01,1986,4,1986-04,-15,235.520004
1986-05-01,1986-05-01,1986,5,1986-05,-15,247.350006
1986-06-01,1986-06-01,1986,6,1986-06,-15,250.83999599999999
1986-07-01,1986-07-01,1986,7,1986-07,-15,236.11999500000002
1986-08-01,1986-08-01,1986,8,1986-08,-15,252.92999300000002
1986-09-01,1986-09-01,1986,9,1986-09,-15,231.32000699999998
1986-10-01,1986-10-01,1986,10,1986-10,-15,243.979996
1986-11-01,1986-11-01,1986,11,1986-11,-15,249.22000099999997
1986-12-01,1986-12-01,1986,12,1986-12,-15,242.169998
1987-01-01,1987-01-01,1987,1,1987-01,-14,274.079987
1987-02-01,1987-02-01,1987,2,1987-02,-14,284.200012
1987-03-01,1987-03-01,1987,3,1987-03,-14,291.700012
1987-04-01,1987-04-01,1987,4,1987-04,-14,288.359985
1987-05-01,1987-05-01,1987,5,1987-05,-14,290.100006
1987-06-01,1987-06-01,1987,6,1987-06,-14,304.0
1987-07-01,1987-07-01,1987,7,1987-07,-14,318.660004
1987-08-01,1987-08-01,1987,8,1987-08,-14,329.799988
1987-09-01,1987-09-01,1987,9,1987-09,-14,321.829987
1987-10-01,1987-10-01,1987,10,1987-10,-14,251.789993
1987-11-01,1987-11-01,1987,11,1987-11,-14,230.30000299999998
1987-12-01,1987-12-01,1987,12,1987-12,-14,247.080002
1988-01-01,1988-01-01,1988,1,1988-01,-13,257.070007
1988-02-01,1988-02-01,1988,2,1988-02,-13,267.820007
1988-03-01,1988-03-01,1988,3,1988-03,-13,258.890015
1988-04-01,1988-04-01,1988,4,1988-04,-13,261.329987
1988-05-01,1988-05-01,1988,5,1988-05,-13,262.160004
1988-06-01,1988-06-01,1988,6,1988-06,-13,273.5
1988-07-01,1988-07-01,1988,7,1988-07,-13,272.019989
1988-08-01,1988-08-01,1988,8,1988-08,-13,261.519989
1988-09-01,1988-09-01,1988,9,1988-09,-13,271.910004
1988-10-01,1988-10-01,1988,10,1988-10,-13,278.97000099999997
1988-11-01,1988-11-01,1988,11,1988-11,-13,273.700012
1988-12-01,1988-12-01,1988,12,1988-12,-13,277.72000099999997
1989-01-01,1989-01-01,1989,1,1989-01,-12,297.47000099999997
1989-02-01,1989-02-01,1989,2,1989-02,-12,288.859985
1989-03-01,1989-03-01,1989,3,1989-03,-12,294.869995
1989-04-01,1989-04-01,1989,4,1989-04,-12,309.640015
1989-05-01,1989-05-01,1989,5,1989-05,-12,320.519989
1989-06-01,1989-06-01,1989,6,1989-06,-12,317.980011
1989-07-01,1989-07-01,1989,7,1989-07,-12,346.079987
1989-08-01,1989-08-01,1989,8,1989-08,-12,351.450012
1989-09-01,1989-09-01,1989,9,1989-09,-12,349.149994
1989-10-01,1989-10-01,1989,10,1989-10,-12,340.359985
1989-11-01,1989-11-01,1989,11,1989-11,-12,345.98999
1989-12-01,1989-12-01,1989,12,1989-12,-12,353.399994
1990-01-01,1990-01-01,1990,1,1990-01,-11,329.079987
1990-02-01,1990-02-01,1990,2,1990-02,-11,331.890015
1990-03-01,1990-03-01,1990,3,1990-03,-11,339.940002
1990-04-01,1990-04-01,1990,4,1990-04,-11,330.799988
1990-05-01,1990-05-01,1990,5,1990-05,-11,361.230011
1990-06-01,1990-06-01,1990,6,1990-06,-11,358.019989
1990-07-01,1990-07-01,1990,7,1990-07,-11,356.149994
1990-08-01,1990-08-01,1990,8,1990-08,-11,322.559998
1990-09-01,1990-09-01,1990,9,1990-09,-11,306.049988
1990-10-01,1990-10-01,1990,10,1990-10,-11,304.0
1990-11-01,1990-11-01,1990,11,1990-11,-11,322.22000099999997
1990-12-01,1990-12-01,1990,12,1990-12,-11,330.22000099999997
1991-01-01,1991-01-01,1991,1,1991-01,-10,343.929993
1991-02-01,1991-02-01,1991,2,1991-02,-10,367.070007
1991-03-01,1991-03-01,1991,3,1991-03,-10,375.22000099999997
1991-04-01,1991-04-01,1991,4,1991-04,-10,375.339996
1991-05-01,1991-05-01,1991,5,1991-05,-10,389.829987
1991-06-01,1991-06-01,1991,6,1991-06,-10,371.160004
1991-07-01,1991-07-01,1991,7,1991-07,-10,387.809998
1991-08-01,1991-08-01,1991,8,1991-08,-10,395.429993
1991-09-01,1991-09-01,1991,9,1991-09,-10,387.859985
1991-10-01,1991-10-01,1991,10,1991-10,-10,392.450012
1991-11-01,1991-11-01,1991,11,1991-11,-10,375.22000099999997
1991-12-01,1991-12-01,1991,12,1991-12,-10,417.089996
1992-01-01,1992-01-01,1992,1,1992-01,-9,408.77999900000003
1992-02-01,1992-02-01,1992,2,1992-02,-9,412.700012
1992-03-01,1992-03-01,1992,3,1992-03,-9,403.690002
1992-04-01,1992-04-01,1992,4,1992-04,-9,414.950012
1992-05-01,1992-05-01,1992,5,1992-05,-9,415.350006
1992-06-01,1992-06-01,1992,6,1992-06,-9,408.140015
1992-07-01,1992-07-01,1992,7,1992-07,-9,424.209991
1992-08-01,1992-08-01,1992,8,1992-08,-9,414.02999900000003
1992-09-01,1992-09-01,1992,9,1992-09,-9,417.799988
1992-10-01,1992-10-01,1992,10,1992-10,-9,418.679993
1992-11-01,1992-11-01,1992,11,1992-11,-9,431.35000599999995
1992-12-01,1992-12-01,1992,12,1992-12,-9,435.709991
1993-01-01,1993-01-01,1993,1,1993-01,-8,438.77999900000003
1993-02-01,1993-02-01,1993,2,1993-02,-8,443.380005
1993-03-01,1993-03-01,1993,3,1993-03,-8,451.670013
1993-04-01,1993-04-01,1993,4,1993-04,-8,440.19000199999994
1993-05-01,1993-05-01,1993,5,1993-05,-8,450.19000199999994
1993-06-01,1993-06-01,1993,6,1993-06,-8,450.52999900000003
1993-07-01,1993-07-01,1993,7,1993-07,-8,448.130005
1993-08-01,1993-08-01,1993,8,1993-08,-8,463.55999800000006
1993-09-01,1993-09-01,1993,9,1993-09,-8,458.92999299999997
1993-10-01,1993-10-01,1993,10,1993-10,-8,467.829987
1993-11-01,1993-11-01,1993,11,1993-11,-8,461.790009
1993-12-01,1993-12-01,1993,12,1993-12,-8,466.450012
1994-01-01,1994-01-01,1994,1,1994-01,-7,481.60998499999994
1994-02-01,1994-02-01,1994,2,1994-02,-7,467.14001500000006
1994-03-01,1994-03-01,1994,3,1994-03,-7,445.76998899999995
1994-04-01,1994-04-01,1994,4,1994-04,-7,450.910004
1994-05-01,1994-05-01,1994,5,1994-05,-7,456.5
1994-06-01,1994-06-01,1994,6,1994-06,-7,444.26998899999995
1994-07-01,1994-07-01,1994,7,1994-07,-7,458.26000999999997
1994-08-01,1994-08-01,1994,8,1994-08,-7,475.48999000000003
1994-09-01,1994-09-01,1994,9,1994-09,-7,462.709991
1994-10-01,1994-10-01,1994,10,1994-10,-7,472.35000599999995
1994-11-01,1994-11-01,1994,11,1994-11,-7,453.69000199999994
1994-12-01,1994-12-01,1994,12,1994-12,-7,459.26998899999995
1995-01-01,1995-01-01,1995,1,1995-01,-6,470.420013
1995-02-01,1995-02-01,1995,2,1995-02,-6,487.39001500000006
1995-03-01,1995-03-01,1995,3,1995-03,-6,500.709991
1995-04-01,1995-04-01,1995,4,1995-04,-6,514.710022
1995-05-01,1995-05-01,1995,5,1995-05,-6,533.400024
1995-06-01,1995-06-01,1995,6,1995-06,-6,544.75
1995-07-01,1995-07-01,1995,7,1995-07,-6,562.0599980000001
1995-08-01,1995-08-01,1995,8,1995-08,-6,561.880005
1995-09-01,1995-09-01,1995,9,1995-09,-6,584.409973
1995-10-01,1995-10-01,1995,10,1995-10,-6,581.5
1995-11-01,1995-11-01,1995,11,1995-11,-6,605.369995
1995-12-01,1995-12-01,1995,12,1995-12,-6,615.929993
1996-01-01,1996-01-01,1996,1,1996-01,-5,636.02002
1996-02-01,1996-02-01,1996,2,1996-02,-5,640.429993
1996-03-01,1996-03-01,1996,3,1996-03,-5,645.5
1996-04-01,1996-04-01,1996,4,1996-04,-5,654.169983
1996-05-01,1996-05-01,1996,5,1996-05,-5,669.119995
1996-06-01,1996-06-01,1996,6,1996-06,-5,670.630005
1996-07-01,1996-07-01,1996,7,1996-07,-5,639.950012
1996-08-01,1996-08-01,1996,8,1996-08,-5,651.98999
1996-09-01,1996-09-01,1996,9,1996-09,-5,687.330017
1996-10-01,1996-10-01,1996,10,1996-10,-5,705.27002
1996-11-01,1996-11-01,1996,11,1996-11,-5,757.02002
1996-12-01,1996-12-01,1996,12,1996-12,-5,740.73999
1997-01-01,1997-01-01,1997,1,1997-01,-4,786.159973
1997-02-01,1997-02-01,1997,2,1997-02,-4,790.820007
1997-03-01,1997-03-01,1997,3,1997-03,-4,757.119995
1997-04-01,1997-04-01,1997,4,1997-04,-4,801.340027
1997-05-01,1997-05-01,1997,5,1997-05,-4,848.2800289999999
1997-06-01,1997-06-01,1997,6,1997-06,-4,885.1400150000001
1997-07-01,1997-07-01,1997,7,1997-07,-4,954.3099980000001
1997-08-01,1997-08-01,1997,8,1997-08,-4,899.4699710000001
1997-09-01,1997-09-01,1997,9,1997-09,-4,947.2800289999999
1997-10-01,1997-10-01,1997,10,1997-10,-4,914.6199949999999
1997-11-01,1997-11-01,1997,11,1997-11,-4,955.400024
1997-12-01,1997-12-01,1997,12,1997-12,-4,970.429993
1998-01-01,1998-01-01,1998,1,1998-01,-3,980.2800289999999
1998-02-01,1998-02-01,1998,2,1998-02,-3,1049.339966
1998-03-01,1998-03-01,1998,3,1998-03,-3,1101.75
1998-04-01,1998-04-01,1998,4,1998-04,-3,1111.75
1998-05-01,1998-05-01,1998,5,1998-05,-3,1090.819946
1998-06-01,1998-06-01,1998,6,1998-06,-3,1133.839966
1998-07-01,1998-07-01,1998,7,1998-07,-3,1120.670044
1998-08-01,1998-08-01,1998,8,1998-08,-3,957.2800289999999
1998-09-01,1998-09-01,1998,9,1998-09,-3,1017.01001
1998-10-01,1998-10-01,1998,10,1998-10,-3,1098.670044
1998-11-01,1998-11-01,1998,11,1998-11,-3,1163.630005
1998-12-01,1998-12-01,1998,12,1998-12,-3,1229.22998
1999-01-01,1999-01-01,1999,1,1999-01,-2,1279.640015
1999-02-01,1999-02-01,1999,2,1999-02,-2,1238.329956
1999-03-01,1999-03-01,1999,3,1999-03,-2,1286.369995
1999-04-01,1999-04-01,1999,4,1999-04,-2,1335.180054
1999-05-01,1999-05-01,1999,5,1999-05,-2,1301.839966
1999-06-01,1999-06-01,1999,6,1999-06,-2,1372.709961
1999-07-01,1999-07-01,1999,7,1999-07,-2,1328.719971
1999-08-01,1999-08-01,1999,8,1999-08,-2,1320.410034
1999-09-01,1999-09-01,1999,9,1999-09,-2,1282.709961
1999-10-01,1999-10-01,1999,10,1999-10,-2,1362.930054
1999-11-01,1999-11-01,1999,11,1999-11,-2,1388.910034
1999-12-01,1999-12-01,1999,12,1999-12,-2,1469.25
2000-01-01,2000-01-01,2000,1,2000-01,-1,1394.459961
2000-02-01,2000-02-01,2000,2,2000-02,-1,1366.420044
2000-03-01,2000-03-01,2000,3,2000-03,-1,1498.579956
2000-04-01,2000-04-01,2000,4,2000-04,-1,1452.430054
2000-05-01,2000-05-01,2000,5,2000-05,-1,1420.599976
2000-06-01,2000-06-01,2000,6,2000-06,-1,1454.599976
2000-07-01,2000-07-01,2000,7,2000-07,-1,1430.829956
2000-08-01,2000-08-01,2000,8,2000-08,-1,1517.680054
2000-09-01,2000-09-01,2000,9,2000-09,-1,1436.51001
2000-10-01,2000-10-01,2000,10,2000-10,-1,1429.400024
2000-11-01,2000-11-01,2000,11,2000-11,-1,1314.949951
2000-12-01,2000-12-01,2000,12,2000-12,-1,1320.280029
2001-01-01,2001-01-01,2001,1,2001-01,0,1366.01001
2001-02-01,2001-02-01,2001,2,2001-02,0,1239.939941
2001-03-01,2001-03-01,2001,3,2001-03,0,1160.329956
2001-04-01,2001-04-01,2001,4,2001-04,0,1249.459961
2001-05-01,2001-05-01,2001,5,2001-05,0,1255.819946
2001-06-01,2001-06-01,2001,6,2001-06,0,1224.380005
2001-07-01,2001-07-01,2001,7,2001-07,0,1211.22998
2001-08-01,2001-08-01,2001,8,2001-08,0,1133.579956
2001-09-01,2001-09-01,2001,9,2001-09,0,1040.939941
2001-10-01,2001-10-01,2001,10,2001-10,0,1059.780029
2001-11-01,2001-11-01,2001,11,2001-11,0,1139.449951
2001-12-01,2001-12-01,2001,12,2001-12,0,1148.079956
2002-01-01,2002-01-01,2002,1,2002-01,1,1130.199951
2002-02-01,2002-02-01,2002,2,2002-02,1,1106.72998
2002-03-01,2002-03-01,2002,3,2002-03,1,1147.390015
2002-04-01,2002-04-01,2002,4,2002-04,1,1076.920044
2002-05-01,2002-05-01,2002,5,2002-05,1,1067.140015
2002-06-01,2002-06-01,2002,6,2002-06,1,989.820007
2002-07-01,2002-07-01,2002,7,2002-07,1,911.6199949999999
2002-08-01,2002-08-01,2002,8,2002-08,1,916.070007
2002-09-01,2002-09-01,2002,9,2002-09,1,815.280029
2002-10-01,2002-10-01,2002,10,2002-10,1,885.76001
2002-11-01,2002-11-01,2002,11,2002-11,1,936.3099980000001
2002-12-01,2002-12-01,2002,12,2002-12,1,879.820007
2003-01-01,2003-01-01,2003,1,2003-01,2,855.7000119999999
2003-02-01,2003-02-01,2003,2,2003-02,2,841.150024
2003-03-01,2003-03-01,2003,3,2003-03,2,848.179993
2003-04-01,2003-04-01,2003,4,2003-04,2,916.919983
2003-05-01,2003-05-01,2003,5,2003-05,2,963.590027
2003-06-01,2003-06-01,2003,6,2003-06,2,974.5
2003-07-01,2003-07-01,2003,7,2003-07,2,990.3099980000001
2003-08-01,2003-08-01,2003,8,2003-08,2,1008.01001
2003-09-01,2003-09-01,2003,9,2003-09,2,995.9699710000001
2003-10-01,2003-10-01,2003,10,2003-10,2,1050.709961
2003-11-01,2003-11-01,2003,11,2003-11,2,1058.199951
2003-12-01,2003-12-01,2003,12,2003-12,2,1111.920044
2004-01-01,2004-01-01,2004,1,2004-01,3,1131.130005
2004-02-01,2004-02-01,2004,2,2004-02,3,1144.939941
2004-03-01,2004-03-01,2004,3,2004-03,3,1126.209961
2004-04-01,2004-04-01,2004,4,2004-04,3,1107.300049
2004-05-01,2004-05-01,2004,5,2004-05,3,1120.680054
2004-06-01,2004-06-01,2004,6,2004-06,3,1140.839966
2004-07-01,2004-07-01,2004,7,2004-07,3,1101.719971
2004-08-01,2004-08-01,2004,8,2004-08,3,1104.23999
2004-09-01,2004-09-01,2004,9,2004-09,3,1114.579956
2004-10-01,2004-10-01,2004,10,2004-10,3,1130.199951
2004-11-01,2004-11-01,2004,11,2004-11,3,1173.819946
2004-12-01,2004-12-01,2004,12,2004-12,3,1211.920044
2005-01-01,2005-01-01,2005,1,2005-01,4,1181.27002
2005-02-01,2005-02-01,2005,2,2005-02,4,1203.599976
2005-03-01,2005-03-01,2005,3,2005-03,4,1180.589966
2005-04-01,2005-04-01,2005,4,2005-04,4,1156.849976
2005-05-01,2005-05-01,2005,5,2005-05,4,1191.5
2005-06-01,2005-06-01,2005,6,2005-06,4,1191.329956
2005-07-01,2005-07-01,2005,7,2005-07,4,1234.180054
2005-08-01,2005-08-01,2005,8,2005-08,4,1220.329956
2005-09-01,2005-09-01,2005,9,2005-09,4,1228.810059
2005-10-01,2005-10-01,2005,10,2005-10,4,1207.01001
2005-11-01,2005-11-01,2005,11,2005-11,4,1249.47998
2005-12-01,2005-12-01,2005,12,2005-12,4,1248.290039
2006-01-01,2006-01-01,2006,1,2006-01,5,1280.079956
2006-02-01,2006-02-01,2006,2,2006-02,5,1280.660034
2006-03-01,2006-03-01,2006,3,2006-03,5,1294.869995
2006-04-01,2006-04-01,2006,4,2006-04,5,1310.609985
2006-05-01,2006-05-01,2006,5,2006-05,5,1270.089966
2006-06-01,2006-06-01,2006,6,2006-06,5,1270.199951
2006-07-01,2006-07-01,2006,7,2006-07,5,1276.660034
2006-08-01,2006-08-01,2006,8,2006-08,5,1303.819946
2006-09-01,2006-09-01,2006,9,2006-09,5,1335.849976
2006-10-01,2006-10-01,2006,10,2006-10,5,1377.939941
2006-11-01,2006-11-01,2006,11,2006-11,5,1400.630005
2006-12-01,2006-12-01,2006,12,2006-12,5,1418.300049
2007-01-01,2007-01-01,2007,1,2007-01,6,1438.23999
2007-02-01,2007-02-01,2007,2,2007-02,6,1406.819946
2007-03-01,2007-03-01,2007,3,2007-03,6,1420.859985
2007-04-01,2007-04-01,2007,4,2007-04,6,1482.369995
2007-05-01,2007-05-01,2007,5,2007-05,6,1530.619995
2007-06-01,2007-06-01,2007,6,2007-06,6,1503.349976
2007-07-01,2007-07-01,2007,7,2007-07,6,1455.27002
2007-08-01,2007-08-01,2007,8,2007-08,6,1473.98999
2007-09-01,2007-09-01,2007,9,2007-09,6,1526.75
2007-10-01,2007-10-01,2007,10,2007-10,6,1549.380005
2007-11-01,2007-11-01,2007,11,2007-11,6,1481.140015
2007-12-01,2007-12-01,2007,12,2007-12,6,1468.359985
2008-01-01,2008-01-01,2008,1,2008-01,7,1378.550049
2008-02-01,2008-02-01,2008,2,2008-02,7,1330.630005
2008-03-01,2008-03-01,2008,3,2008-03,7,1322.699951
2008-04-01,2008-04-01,2008,4,2008-04,7,1385.589966
2008-05-01,2008-05-01,2008,5,2008-05,7,1400.380005
2008-06-01,2008-06-01,2008,6,2008-06,7,1280.0
2008-07-01,2008-07-01,2008,7,2008-07,7,1267.380005
2008-08-01,2008-08-01,2008,8,2008-08,7,1282.829956
2008-09-01,2008-09-01,2008,9,2008-09,7,1166.359985
2008-10-01,2008-10-01,2008,10,2008-10,7,968.75
2008-11-01,2008-11-01,2008,11,2008-11,7,896.23999
2008-12-01,2008-12-01,2008,12,2008-12,7,903.25
2009-01-01,2009-01-01,2009,1,2009-01,8,825.880005
2009-02-01,2009-02-01,2009,2,2009-02,8,735.090027
2009-03-01,2009-03-01,2009,3,2009-03,8,797.869995
2009-04-01,2009-04-01,2009,4,2009-04,8,872.8099980000001
2009-05-01,2009-05-01,2009,5,2009-05,8,919.1400150000001
2009-06-01,2009-06-01,2009,6,2009-06,8,919.320007
2009-07-01,2009-07-01,2009,7,2009-07,8,987.4799800000001
2009-08-01,2009-08-01,2009,8,2009-08,8,1020.6199949999999
2009-09-01,2009-09-01,2009,9,2009-09,8,1057.079956
2009-10-01,2009-10-01,2009,10,2009-10,8,1036.189941
2009-11-01,2009-11-01,2009,11,2009-11,8,1095.630005
2009-12-01,2009-12-01,2009,12,2009-12,8,1115.099976
2010-01-01,2010-01-01,2010,1,2010-01,9,1073.869995
2010-02-01,2010-02-01,2010,2,2010-02,9,1104.48999
2010-03-01,2010-03-01,2010,3,2010-03,9,1169.430054
2010-04-01,2010-04-01,2010,4,2010-04,9,1186.689941
2010-05-01,2010-05-01,2010,5,2010-05,9,1089.410034
2010-06-01,2010-06-01,2010,6,2010-06,9,1030.709961
2010-07-01,2010-07-01,2010,7,2010-07,9,1101.599976
2010-08-01,2010-08-01,2010,8,2010-08,9,1049.329956
2010-09-01,2010-09-01,2010,9,2010-09,9,1141.199951
2010-10-01,2010-10-01,2010,10,2010-10,9,1183.26001
2010-11-01,2010-11-01,2010,11,2010-11,9,1180.550049
2010-12-01,2010-12-01,2010,12,2010-12,9,1257.640015
2011-01-01,2011-01-01,2011,1,2011-01,10,1286.119995
2011-02-01,2011-02-01,2011,2,2011-02,10,1327.219971
2011-03-01,2011-03-01,2011,3,2011-03,10,1325.829956
2011-04-01,2011-04-01,2011,4,2011-04,10,1363.609985
2011-05-01,2011-05-01,2011,5,2011-05,10,1345.199951
2011-06-01,2011-06-01,2011,6,2011-06,10,1320.640015
2011-07-01,2011-07-01,2011,7,2011-07,10,1292.280029
2011-08-01,2011-08-01,2011,8,2011-08,10,1218.890015
2011-09-01,2011-09-01,2011,9,2011-09,10,1131.420044
2011-10-01,2011-10-01,2011,10,2011-10,10,1253.300049
2011-11-01,2011-11-01,2011,11,2011-11,10,1246.959961
2011-12-01,2011-12-01,2011,12,2011-12,10,1257.599976
2012-01-01,2012-01-01,2012,1,2012-01,11,1312.410034
2012-02-01,2012-02-01,2012,2,2012-02,11,1365.680054
2012-03-01,2012-03-01,2012,3,2012-03,11,1408.469971
2012-04-01,2012-04-01,2012,4,2012-04,11,1397.910034
2012-05-01,2012-05-01,2012,5,2012-05,11,1310.329956
2012-06-01,2012-06-01,2012,6,2012-06,11,1362.160034
2012-07-01,2012-07-01,2012,7,2012-07,11,1379.319946
2012-08-01,2012-08-01,2012,8,2012-08,11,1406.579956
2012-09-01,2012-09-01,2012,9,2012-09,11,1440.670044
2012-10-01,2012-10-01,2012,10,2012-10,11,1412.160034
2012-11-01,2012-11-01,2012,11,2012-11,11,1416.180054
2012-12-01,2012-12-01,2012,12,2012-12,11,1426.189941
2013-01-01,2013-01-01,2013,1,2013-01,12,1498.109985
2013-02-01,2013-02-01,2013,2,2013-02,12,1514.680054
2013-03-01,2013-03-01,2013,3,2013-03,12,1569.189941
2013-04-01,2013-04-01,2013,4,2013-04,12,1597.569946
2013-05-01,2013-05-01,2013,5,2013-05,12,1630.73999
2013-06-01,2013-06-01,2013,6,2013-06,12,1606.280029
2013-07-01,2013-07-01,2013,7,2013-07,12,1685.72998
2013-08-01,2013-08-01,2013,8,2013-08,12,1632.969971
2013-09-01,2013-09-01,2013,9,2013-09,12,1681.550049
2013-10-01,2013-10-01,2013,10,2013-10,12,1756.540039
2013-11-01,2013-11-01,2013,11,2013-11,12,1805.810059
2013-12-01,2013-12-01,2013,12,2013-12,12,1848.359985
2014-01-01,2014-01-01,2014,1,2014-01,13,1782.589966
2014-02-01,2014-02-01,2014,2,2014-02,13,1859.449951
2014-03-01,2014-03-01,2014,3,2014-03,13,1872.339966
2014-04-01,2014-04-01,2014,4,2014-04,13,1883.949951
2014-05-01,2014-05-01,2014,5,2014-05,13,1923.569946
2014-06-01,2014-06-01,2014,6,2014-06,13,1960.22998
2014-07-01,2014-07-01,2014,7,2014-07,13,1930.6700440000002
2014-08-01,2014-08-01,2014,8,2014-08,13,2003.369995
2014-09-01,2014-09-01,2014,9,2014-09,13,1972.290039
2014-10-01,2014-10-01,2014,10,2014-10,13,2018.050049
2014-11-01,2014-11-01,2014,11,2014-11,13,2067.560059
2014-12-01,2014-12-01,2014,12,2014-12,13,2058.899902
2015-01-01,2015-01-01,2015,1,2015-01,14,1994.9899899999998
2015-02-01,2015-02-01,2015,2,2015-02,14,2104.5
2015-03-01,2015-03-01,2015,3,2015-03,14,2067.889893
2015-04-01,2015-04-01,2015,4,2015-04,14,2085.51001
2015-05-01,2015-05-01,2015,5,2015-05,14,2107.389893
2015-06-01,2015-06-01,2015,6,2015-06,14,2063.110107
2015-07-01,2015-07-01,2015,7,2015-07,14,2103.840088
2015-08-01,2015-08-01,2015,8,2015-08,14,1972.180054
2015-09-01,2015-09-01,2015,9,2015-09,14,1920.030029
2015-10-01,2015-10-01,2015,10,2015-10,14,2079.360107
2015-11-01,2015-11-01,2015,11,2015-11,14,2080.409912
2015-12-01,2015-12-01,2015,12,2015-12,14,2043.939941
2016-01-01,2016-01-01,2016,1,2016-01,15,1940.2399899999998
2016-02-01,2016-02-01,2016,2,2016-02,15,1932.22998
2016-03-01,2016-03-01,2016,3,2016-03,15,2059.73999
2016-04-01,2016-04-01,2016,4,2016-04,15,2065.300049
2016-05-01,2016-05-01,2016,5,2016-05,15,2096.949951
2016-06-01,2016-06-01,2016,6,2016-06,15,2098.860107
2016-07-01,2016-07-01,2016,7,2016-07,15,2173.600098
2016-08-01,2016-08-01,2016,8,2016-08,15,2170.949951
2016-09-01,2016-09-01,2016,9,2016-09,15,2168.27002
2016-10-01,2016-10-01,2016,10,2016-10,15,2126.149902
2016-11-01,2016-11-01,2016,11,2016-11,15,2198.810059
2016-12-01,2016-12-01,2016,12,2016-12,15,2238.830078
2017-01-01,2017-01-01,2017,1,2017-01,16,2278.8701170000004
2017-02-01,2017-02-01,2017,2,2017-02,16,2363.639893
2017-03-01,2017-03-01,2017,3,2017-03,16,2362.719971
2017-04-01,2017-04-01,2017,4,2017-04,16,2384.199951
2017-05-01,2017-05-01,2017,5,2017-05,16,2411.800049
2017-06-01,2017-06-01,2017,6,2017-06,16,2423.409912
2017-07-01,2017-07-01,2017,7,2017-07,16,2470.300049
2017-08-01,2017-08-01,2017,8,2017-08,16,2471.649902
2017-09-01,2017-09-01,2017,9,2017-09,16,2519.360107
2017-10-01,2017-10-01,2017,10,2017-10,16,2575.26001
2017-11-01,2017-11-01,2017,11,2017-11,16,2584.840088
2017-12-01,2017-12-01,2017,12,2017-12,16,2673.610107
2018-01-01,2018-01-01,2018,1,2018-01,17,2823.810059
2018-02-01,2018-02-01,2018,2,2018-02,17,2713.830078
2018-03-01,2018-03-01,2018,3,2018-03,17,2640.8701170000004
2018-04-01,2018-04-01,2018,4,2018-04,17,2648.050049
2018-05-01,2018-05-01,2018,5,2018-05,17,2705.27002
2018-06-01,2018-06-01,2018,6,2018-06,17,2718.3701170000004
2018-07-01,2018-07-01,2018,7,2018-07,17,2816.290039
2018-08-01,2018-08-01,2018,8,2018-08,17,2901.52002
2018-09-01,2018-09-01,2018,9,2018-09,17,2913.97998
2018-10-01,2018-10-01,2018,10,2018-10,17,2711.73999
2018-11-01,2018-11-01,2018,11,2018-11,17,2760.169922
2018-12-01,2018-12-01,2018,12,2018-12,17,2506.850098
2019-01-01,2019-01-01,2019,1,2019-01,18,2704.100098
2019-02-01,2019-02-01,2019,2,2019-02,18,2784.48999
2019-03-01,2019-03-01,2019,3,2019-03,18,2834.399902
2019-04-01,2019-04-01,2019,4,2019-04,18,2945.830078
2019-05-01,2019-05-01,2019,5,2019-05,18,2752.060059
2019-06-01,2019-06-01,2019,6,2019-06,18,2941.76001
2019-07-01,2019-07-01,2019,7,2019-07,18,2980.3798829999996
2019-08-01,2019-08-01,2019,8,2019-08,18,2926.459961
2019-09-01,2019-09-01,2019,9,2019-09,18,2976.73999
2019-10-01,2019-10-01,2019,10,2019-10,18,3037.560059
2019-11-01,2019-11-01,2019,11,2019-11,18,3140.97998
2019-12-01,2019-12-01,2019,12,2019-12,18,3230.780029
2020-01-01,2020-01-01,2020,1,2020-01,19,3225.52002
2020-02-01,2020-02-01,2020,2,2020-02,19,2954.219971
2020-03-01,2020-03-01,2020,3,2020-03,19,2584.590088
2020-04-01,2020-04-01,2020,4,2020-04,19,2912.429932
2020-05-01,2020-05-01,2020,5,2020-05,19,2881.189941
