date,namibia,nauru,nepal,netherlands,new zealand,nicaragua,niger,nigeria,norway,oman,pakistan,palau,panama,papua,paraguay,peru,philippines,poland,portugal,qatar,romania,russia,rwanda,samoa,san marino,sao tome,saudi arabia,scotland,scottish,senegal,serbia,seychelles,sierra leone,singapore,slovakia,slovenia,solomon,somalia,south africa,south sudan,spain,sri lanka,st. kitts,st. lucia,st kitts,st lucia,saint kitts,santa lucia,sudan,suriname,swaziland,sweden,switzerland,syria,taiwan,tajikistan,tanzania,thailand,tobago,togo,tonga,trinidad,tunisia,turkey,turkmenistan,tuvalu,uganda,ukraine,united kingdom,united states,uruguay,usa,uzbekistan,vanuatu,vatican,venezuela,vietnam,wales,welsh,yemen,zambia,zimbabwe
2004-01-01,85,84,13,33,38,58,41,15,49,36,24,38,34,21,17,71,50,71,29,14,84,31,28,20,35,84,34,98,98,10,13,77,55,74,28,28,83,36,30,2,87,20,100,100,56,100,57,28,29,69,77,91,94,7,75,85,70,66,28,11,33,41,27,23,46,31,46,14,100,95,16,83,55,23,10,46,50,69,84,28,40,34
2004-02-01,77,60,12,37,37,65,52,17,43,32,24,42,36,25,19,71,50,75,29,14,85,31,35,26,36,89,32,95,90,10,12,72,60,79,27,26,100,45,30,5,85,20,92,78,66,85,57,33,32,74,59,85,94,7,86,76,62,59,29,12,39,41,27,22,50,100,55,15,93,100,15,79,50,22,13,46,59,71,96,26,40,31
2004-03-01,77,57,13,37,34,72,45,16,42,39,42,41,38,23,20,77,46,79,32,16,95,31,38,26,49,68,37,96,90,9,15,77,62,74,30,28,83,45,30,4,100,19,64,98,82,71,31,30,35,76,55,80,96,8,100,74,69,56,21,11,45,36,21,24,58,32,46,15,98,99,16,80,56,19,10,49,100,70,85,31,54,34
2004-04-01,71,100,12,36,33,64,48,17,43,37,28,42,37,22,21,82,40,78,32,13,85,32,73,20,60,100,35,89,84,10,13,67,55,73,32,30,83,50,30,1,84,21,70,73,55,66,37,33,39,73,42,83,83,9,83,65,77,56,21,12,50,41,23,27,54,44,49,17,86,98,15,80,73,20,12,41,96,67,81,31,44,31
2004-05-01,71,79,11,33,35,68,50,16,45,36,24,41,40,24,22,86,43,84,37,14,86,31,43,25,38,81,41,92,85,9,14,61,46,73,30,36,74,51,30,4,89,16,75,71,55,62,26,28,41,80,40,90,94,8,83,80,76,56,23,12,50,37,22,28,60,55,46,18,92,89,16,77,45,31,12,52,97,66,77,28,41,29
2004-06-01,75,51,11,37,33,65,41,16,44,32,24,40,38,18,23,91,42,76,58,14,79,28,28,25,38,74,48,91,81,9,12,65,66,76,27,34,68,35,27,4,81,16,65,68,44,67,52,30,41,82,36,92,99,7,75,49,73,57,21,11,42,37,24,26,26,51,43,16,90,82,20,78,43,25,10,50,69,67,84,23,38,25
2004-07-01,71,30,11,33,33,63,35,17,47,35,26,45,34,18,20,99,48,71,41,12,86,24,21,23,53,92,34,92,87,10,14,68,48,80,28,36,68,32,27,4,78,20,89,70,84,63,38,29,58,59,42,77,91,7,78,55,62,60,22,12,44,34,27,27,30,54,43,17,82,78,18,80,59,28,9,44,61,68,82,20,31,22
2004-08-01,76,84,12,31,36,58,38,18,47,35,28,39,35,26,35,92,51,72,29,13,84,27,19,27,39,90,29,91,86,8,16,69,40,81,29,33,68,26,30,3,73,19,71,64,43,70,91,27,55,69,43,77,83,6,84,68,64,62,28,9,44,36,28,26,64,46,39,16,74,77,16,88,46,46,10,47,66,68,77,27,37,24
2004-09-01,64,59,13,31,33,71,45,17,38,34,25,39,38,21,21,89,47,74,27,15,79,39,28,21,38,65,31,83,86,9,13,60,45,76,28,26,69,33,29,3,77,18,54,75,53,75,46,26,59,59,79,75,80,7,76,60,68,60,33,12,33,42,23,25,39,42,42,15,80,92,16,79,45,79,8,42,66,65,75,27,32,28
2004-10-01,72,53,10,32,32,70,43,17,39,39,23,38,34,18,22,86,43,75,25,14,81,28,32,22,35,81,35,81,84,9,12,56,48,72,25,25,75,41,28,3,69,18,54,61,54,57,52,33,57,70,49,76,77,7,76,61,62,60,26,10,36,47,20,29,55,43,43,15,80,91,20,78,48,67,10,49,67,63,75,21,36,26
2004-11-01,66,70,10,31,32,69,48,16,38,40,22,39,32,21,19,91,40,71,24,13,88,30,37,19,33,73,30,79,85,10,13,54,52,69,25,23,76,41,29,3,67,17,74,58,58,66,67,37,52,71,46,76,79,6,71,54,69,60,24,12,34,37,18,82,40,36,46,29,81,96,19,85,40,58,9,53,62,59,79,25,45,27
2004-12-01,60,78,10,28,28,51,38,14,39,40,24,54,28,20,15,80,38,69,22,15,83,28,47,17,35,59,30,68,69,10,12,98,50,74,25,22,76,43,23,3,59,51,61,69,46,61,35,62,43,82,35,79,77,6,69,62,66,100,21,11,38,35,18,40,40,43,44,29,71,80,17,72,44,69,9,36,57,48,68,23,33,24
2005-01-01,68,37,11,30,31,59,43,15,41,41,20,53,31,17,16,74,45,74,28,16,81,26,81,18,35,70,28,87,88,11,12,78,44,69,27,31,72,47,28,5,74,44,76,93,70,96,27,36,44,99,48,86,83,7,67,60,72,84,32,13,30,37,25,25,47,47,42,18,78,83,17,78,43,26,9,49,53,62,82,27,36,27
2005-02-01,74,58,17,29,30,63,49,16,41,42,23,100,37,23,17,73,47,76,28,16,82,28,98,27,46,76,31,89,85,10,14,64,57,68,31,27,70,41,27,4,77,19,79,86,70,88,54,41,100,93,60,81,82,11,63,61,72,57,28,29,40,43,23,25,53,41,50,18,77,86,16,75,43,24,14,51,52,68,100,27,45,30
2005-03-01,65,38,11,30,29,65,44,17,38,39,30,75,38,20,20,82,45,73,28,17,83,28,87,25,37,66,31,83,76,10,14,63,49,72,27,26,75,41,25,4,75,18,75,70,67,74,44,34,52,83,51,71,79,10,74,75,72,52,26,15,42,38,25,27,46,40,48,16,75,82,17,74,36,22,14,48,56,68,95,26,38,29
2005-04-01,69,54,10,32,27,68,46,18,41,39,26,86,37,20,20,90,38,77,30,17,82,28,100,22,64,52,30,82,78,10,13,58,58,69,27,27,71,39,25,5,76,16,60,63,49,64,27,37,49,79,48,72,76,8,66,71,63,50,22,21,33,37,23,28,40,28,49,17,74,81,16,76,46,23,100,51,58,63,77,28,52,32
2005-05-01,64,56,11,33,28,70,48,17,43,35,24,95,37,21,21,90,39,73,30,16,84,29,89,23,41,68,31,82,79,10,13,56,46,69,27,29,81,47,25,3,77,15,53,62,52,61,41,36,47,95,56,76,79,7,71,69,71,53,25,17,41,46,26,28,53,40,59,18,72,75,17,73,94,26,15,54,68,65,75,28,43,29
2005-06-01,64,53,10,30,28,60,45,18,42,41,22,42,36,18,20,91,41,70,30,15,83,23,60,21,36,60,27,82,72,9,15,59,59,71,28,29,65,33,23,4,70,15,56,55,42,67,44,37,35,90,64,73,77,7,64,53,62,53,25,14,38,35,29,27,29,37,47,16,69,67,16,73,54,21,9,51,48,61,74,27,47,28
2005-07-01,71,33,10,27,27,57,76,17,39,37,23,42,37,17,18,92,46,67,30,16,85,21,43,24,42,65,25,90,73,9,14,61,67,74,23,28,68,30,24,3,67,16,63,64,46,73,31,31,33,62,36,67,75,7,67,52,57,54,27,11,35,40,28,27,40,28,45,16,67,66,15,74,38,21,8,43,42,64,76,25,42,27
2005-08-01,68,45,11,26,29,58,96,17,38,36,23,33,34,23,21,91,46,67,30,17,78,23,41,27,39,58,32,88,80,10,14,62,61,75,26,31,65,26,25,3,65,17,54,58,60,57,60,34,38,69,100,71,79,7,67,50,69,55,23,12,50,37,26,26,41,25,42,16,64,64,17,77,44,23,9,44,41,69,73,25,44,26
2005-09-01,70,49,10,27,28,66,55,16,37,36,21,45,34,18,20,91,42,68,26,17,76,24,44,22,42,58,27,76,76,10,14,58,64,71,25,24,65,27,24,5,66,15,38,51,47,62,18,32,33,70,63,69,71,7,60,54,63,55,24,12,46,35,21,25,22,46,44,16,64,75,16,75,40,24,9,45,42,62,78,26,36,25
2005-10-01,68,38,10,28,26,71,62,18,36,39,36,46,33,24,22,88,39,72,25,17,78,25,49,21,52,51,28,73,75,9,14,63,58,69,26,24,68,32,24,5,63,17,50,69,56,62,34,37,35,71,40,68,73,9,63,69,67,53,26,15,32,40,20,31,43,24,49,14,61,73,19,69,41,22,9,49,44,58,70,25,43,26
2005-11-01,65,38,10,27,26,64,63,17,35,39,26,42,32,22,19,86,38,69,23,17,75,26,56,22,36,60,28,71,77,9,13,64,61,65,26,20,62,49,23,5,57,18,55,55,56,67,48,43,34,71,45,64,74,7,56,59,67,52,31,12,44,43,19,84,39,23,51,14,64,69,22,66,36,17,10,51,45,55,74,28,44,25
2005-12-01,56,57,11,24,24,48,48,17,37,37,25,37,29,19,17,74,35,64,20,16,69,25,45,16,34,50,26,61,66,9,12,60,54,67,24,21,70,32,19,4,50,17,50,65,50,58,31,61,31,75,36,66,67,7,56,44,64,52,23,15,28,34,16,36,47,24,41,14,58,64,16,64,35,27,9,36,42,43,67,29,34,21
2006-01-01,74,31,10,26,25,55,43,16,38,42,25,38,34,18,17,71,41,69,26,19,81,27,46,18,37,61,27,79,76,10,13,78,50,64,31,24,63,32,23,3,64,18,75,83,63,85,44,35,30,85,51,66,74,7,53,53,61,55,28,16,35,40,20,23,40,22,40,16,62,67,15,69,38,23,10,46,40,57,77,27,38,24
2006-02-01,72,37,10,25,25,58,49,19,40,38,25,40,36,31,17,67,43,67,25,19,80,29,51,22,39,63,31,80,76,11,12,76,54,68,30,24,68,33,23,3,64,16,58,78,62,73,58,34,37,79,46,73,76,8,56,61,71,51,25,14,45,40,21,22,43,34,53,14,64,68,15,70,36,22,10,47,43,61,82,30,34,27
2006-03-01,66,51,10,27,25,61,50,18,35,41,22,40,38,24,19,76,39,67,27,18,76,26,48,21,40,55,26,80,73,10,15,69,72,66,27,23,66,36,23,5,63,16,61,69,54,70,34,33,38,81,53,65,70,7,54,66,64,51,26,15,44,40,22,23,41,38,47,14,59,65,16,66,37,20,9,51,44,59,75,28,39,25
2006-04-01,99,43,14,26,23,59,48,17,34,38,22,37,37,24,20,88,36,65,27,19,74,25,54,19,56,44,26,73,68,9,14,59,69,67,27,24,69,35,20,3,65,16,42,53,51,62,40,32,38,81,37,61,65,6,54,62,63,48,28,13,33,39,24,26,37,28,48,15,57,64,15,65,36,19,12,44,46,55,66,26,36,24
2006-05-01,90,49,10,26,24,63,48,18,38,35,21,42,38,21,24,76,35,70,31,18,84,26,52,23,42,54,28,75,68,10,16,61,55,65,25,24,65,41,21,3,67,16,51,54,52,60,40,32,41,100,40,66,68,6,53,55,66,49,37,24,88,48,25,25,38,34,46,16,61,62,15,64,39,19,11,50,51,55,65,24,37,25
2006-06-01,80,29,9,32,22,57,35,16,35,35,19,39,35,16,44,75,37,81,45,17,81,22,34,21,42,56,34,73,62,9,34,59,44,67,27,24,56,43,19,4,69,16,44,51,54,64,45,35,28,68,40,84,77,6,51,40,62,47,100,100,42,100,42,23,27,30,42,27,53,54,15,68,30,19,8,46,37,56,69,22,38,20
2006-07-01,74,27,8,23,23,52,29,15,35,35,21,37,33,16,20,71,40,61,44,18,75,20,25,21,40,54,25,73,63,8,15,65,39,71,23,24,56,35,22,4,60,14,44,54,50,66,16,29,22,63,35,59,69,13,53,46,55,49,26,14,57,35,29,25,26,19,41,15,52,51,14,64,28,39,7,39,33,59,66,24,32,19
2006-08-01,66,39,9,23,24,54,30,17,33,35,22,31,33,18,20,68,40,58,27,19,73,20,26,18,38,61,24,80,67,9,14,68,34,72,25,25,62,27,21,3,55,18,40,52,43,60,33,27,25,65,42,58,67,8,51,50,54,51,23,12,49,33,23,25,29,31,37,13,52,51,14,68,31,30,6,37,36,58,67,22,31,21
2006-09-01,67,35,9,22,22,61,35,15,31,35,19,37,32,21,19,63,36,59,26,19,72,21,29,21,69,46,22,72,66,9,13,59,37,66,21,20,54,32,20,4,57,14,42,42,44,50,30,30,33,65,46,58,61,6,50,46,52,56,21,10,52,36,19,22,36,26,39,12,52,57,14,62,30,22,10,40,34,51,64,29,43,20
2006-10-01,69,46,8,22,22,67,37,16,30,36,18,37,36,18,21,65,35,59,25,17,77,22,38,19,35,47,22,69,65,9,14,61,43,67,27,20,60,31,20,5,55,15,36,50,45,55,36,31,34,71,36,58,58,6,49,48,52,45,21,12,34,32,18,27,36,24,41,12,51,56,15,63,30,20,7,46,37,50,70,21,46,21
2006-11-01,65,37,9,22,22,81,41,16,31,37,19,38,31,17,19,64,35,58,22,18,80,23,42,18,39,43,23,66,63,9,13,57,49,64,24,19,56,36,20,3,48,13,38,46,46,57,37,34,33,72,37,56,57,6,48,50,52,47,23,13,60,34,16,76,37,28,43,11,49,54,14,63,32,28,8,46,41,50,70,22,33,21
2006-12-01,57,32,8,19,19,47,35,14,30,36,18,35,28,13,16,58,33,53,20,19,70,21,38,15,32,42,24,54,53,8,12,49,51,63,23,19,52,61,17,4,45,13,42,62,47,62,49,54,29,68,34,57,57,6,55,45,50,45,18,12,33,29,15,35,100,17,36,12,42,49,13,63,27,17,7,39,38,38,60,23,36,19
2007-01-01,70,39,9,21,22,55,37,16,32,38,17,34,34,16,19,56,36,57,25,22,83,21,34,19,37,55,21,79,68,9,13,67,53,66,24,23,55,69,20,4,58,14,62,70,66,86,55,35,33,73,38,57,64,6,50,42,64,49,24,12,29,35,18,21,41,32,41,11,49,54,14,65,30,19,7,45,39,50,64,23,35,20
2007-02-01,73,40,9,22,21,59,39,17,32,37,18,36,34,15,17,55,37,57,26,20,81,22,36,17,41,39,24,80,64,10,13,66,65,63,24,22,57,36,19,3,58,15,50,59,53,73,37,35,32,74,35,57,62,6,43,49,64,44,21,13,32,37,20,21,54,32,50,11,49,52,13,62,32,20,7,44,36,53,74,25,39,23
2007-03-01,67,36,8,21,20,59,43,16,31,39,21,35,36,16,19,59,37,56,27,22,80,21,38,18,39,42,23,72,59,9,14,61,58,65,23,21,53,37,19,4,58,15,42,54,62,74,43,34,31,79,43,54,60,6,48,48,62,42,21,12,31,33,22,22,33,19,48,11,48,51,14,60,30,21,7,45,38,51,68,26,36,29
2007-04-01,60,34,9,21,19,50,37,17,31,35,18,35,35,16,18,58,34,57,26,21,75,21,41,19,38,57,24,71,59,8,14,57,62,66,23,26,88,40,18,4,58,15,41,48,41,64,32,34,34,72,35,51,59,7,48,53,50,40,20,11,30,34,21,25,33,33,46,13,49,53,12,62,32,17,8,41,40,50,60,25,36,24
2007-05-01,61,32,9,21,20,57,36,17,33,35,19,39,35,18,20,61,36,58,29,21,83,23,41,21,37,47,24,72,64,8,19,54,64,68,23,23,53,38,19,4,59,13,34,45,44,58,23,34,34,71,38,56,60,6,47,55,61,41,20,11,36,37,21,23,30,29,50,15,48,50,14,62,32,20,8,53,45,50,63,23,39,24
2007-06-01,61,37,9,21,19,55,35,16,32,59,19,35,36,17,21,60,37,57,28,22,80,19,30,21,50,39,22,70,57,8,17,55,61,68,23,25,48,30,17,3,56,13,31,46,36,62,37,36,29,80,33,54,59,6,46,34,56,41,20,13,30,36,23,23,24,20,46,13,46,44,16,63,27,20,7,51,35,50,62,24,37,22
2007-07-01,65,29,9,20,19,52,32,17,32,34,22,32,37,17,23,66,42,58,30,24,77,18,24,20,41,39,24,72,58,8,14,56,48,71,24,25,48,24,18,4,56,14,41,51,46,61,21,36,26,66,34,51,62,7,47,39,62,44,19,11,36,35,26,25,25,26,43,13,44,42,16,66,34,21,7,48,34,51,64,39,40,24
2007-08-01,63,31,9,19,20,54,32,18,31,33,21,28,38,17,20,87,41,55,27,22,74,19,23,20,41,54,22,70,58,8,15,60,67,71,21,23,50,23,18,3,52,14,38,55,46,71,37,33,25,72,37,52,60,6,51,61,56,43,20,13,40,34,24,24,29,25,43,12,41,43,14,67,31,26,5,43,33,52,57,21,35,22
2007-09-01,78,38,9,19,20,65,38,17,29,34,22,32,37,18,20,66,37,56,27,22,76,22,28,35,41,49,24,66,55,9,16,54,63,65,23,22,59,26,19,4,54,13,31,44,40,61,33,36,29,69,43,51,56,10,46,46,57,43,18,12,95,33,20,22,28,35,44,13,45,50,14,65,30,17,6,45,35,49,61,21,35,23
2007-10-01,63,33,8,20,21,60,42,16,29,35,19,32,36,16,24,61,36,57,23,22,77,23,32,20,36,39,25,63,56,9,13,55,65,68,22,18,60,29,21,5,51,14,36,41,41,60,28,38,32,72,42,50,56,8,49,43,57,41,19,14,40,34,18,28,31,29,42,13,44,50,15,65,32,19,7,51,37,44,58,31,34,22
2007-11-01,57,32,8,19,17,53,42,16,30,38,29,32,35,17,23,59,36,56,22,21,81,22,35,18,35,57,26,63,56,9,15,50,55,64,22,18,54,32,18,5,44,15,38,42,49,61,26,43,37,75,41,51,53,7,44,48,58,41,20,11,33,33,16,76,32,24,45,13,43,46,16,63,29,16,6,56,37,43,57,26,35,22
2007-12-01,49,56,9,16,17,47,36,14,29,40,24,28,35,17,18,52,33,49,19,22,72,21,28,15,34,37,25,51,46,8,13,51,49,64,20,19,59,31,15,3,40,14,39,51,49,59,37,72,31,71,33,50,52,6,43,39,47,41,17,11,25,29,16,33,29,28,39,11,38,47,13,61,29,13,7,47,34,34,52,26,31,19
2008-01-01,70,37,9,18,20,46,38,16,31,40,20,32,37,16,18,51,37,53,23,24,78,20,31,18,37,50,24,68,60,10,15,64,52,65,24,21,58,26,18,4,50,16,52,55,53,85,33,35,29,73,34,53,58,6,45,46,58,46,22,11,33,46,20,21,34,32,40,11,43,46,14,67,29,19,6,48,34,46,59,28,38,21
2008-02-01,61,29,9,18,18,55,38,17,30,40,23,36,38,17,19,50,36,55,23,25,79,22,36,21,36,41,25,64,54,8,25,60,56,64,23,19,51,30,18,4,50,15,44,51,57,70,27,39,30,73,37,51,59,7,43,52,65,41,22,12,31,35,20,21,38,25,44,12,43,48,14,66,28,15,6,47,34,47,72,24,38,23
2008-03-01,61,36,9,19,17,55,38,16,28,37,19,42,39,18,20,54,36,52,24,25,79,20,34,18,39,38,25,62,52,8,16,52,48,67,22,20,52,31,17,4,51,13,41,46,52,63,37,36,29,71,34,51,54,7,51,48,54,41,20,11,28,33,21,23,36,26,40,12,42,46,13,65,29,16,8,47,36,48,62,28,33,35
2008-04-01,61,41,11,20,16,56,41,17,30,39,20,36,38,17,25,57,34,51,25,23,74,21,38,20,39,42,26,61,53,8,14,52,53,65,22,20,49,46,18,5,53,13,40,40,40,59,30,38,30,74,40,48,54,7,45,45,60,37,18,10,30,34,22,24,32,28,48,12,41,47,14,66,35,18,8,47,40,44,58,29,39,58
2008-05-01,55,38,10,19,17,57,41,16,30,38,19,34,40,18,23,56,34,52,26,23,78,23,37,18,44,50,26,58,51,8,18,64,54,65,21,20,48,36,17,5,54,12,37,37,37,55,28,36,32,69,39,51,56,7,45,47,60,38,19,11,32,35,23,25,25,21,44,13,42,44,14,65,28,18,6,49,40,43,54,26,37,31
2008-06-01,57,37,10,26,16,52,35,16,30,38,21,33,41,16,25,61,37,59,38,25,100,26,30,17,41,40,26,59,51,8,16,50,43,68,22,23,48,26,16,5,64,13,39,35,41,59,30,38,29,64,37,59,60,6,44,38,54,37,21,10,33,37,24,31,31,23,41,11,40,38,15,65,31,18,5,50,34,46,55,22,35,38
2008-07-01,60,25,9,18,17,51,31,18,31,37,20,30,41,16,22,60,41,47,26,25,74,18,22,18,42,46,24,59,52,7,16,50,38,70,21,22,49,23,17,4,50,14,37,40,48,54,23,38,26,65,34,47,55,6,45,41,57,40,20,9,34,35,25,25,27,21,38,12,38,37,14,69,32,18,5,44,31,47,55,22,37,34
2008-08-01,57,43,10,19,17,52,31,19,32,39,23,26,38,18,28,59,40,52,24,24,73,38,22,19,41,45,23,60,52,7,17,52,39,70,20,21,44,23,17,4,51,15,37,32,41,53,43,34,24,64,39,49,52,6,45,54,54,41,20,13,46,35,24,23,29,42,38,13,38,38,15,79,33,19,5,40,31,44,51,22,37,29
2008-09-01,56,32,9,18,16,56,34,16,28,40,21,30,37,17,27,58,38,47,22,24,71,26,24,17,44,42,25,59,51,8,15,52,40,72,21,17,46,36,16,3,48,13,26,32,42,54,32,39,24,62,69,48,60,6,44,47,52,39,19,10,30,35,20,22,29,26,38,12,41,47,17,66,32,18,5,43,31,42,54,29,37,27
2008-10-01,56,31,9,18,16,54,36,16,27,38,19,31,37,17,25,57,35,48,21,25,70,22,30,17,38,40,25,54,49,8,14,45,44,64,19,16,47,42,16,4,43,13,34,30,40,50,37,40,27,65,40,44,48,8,41,45,48,35,19,10,31,34,19,25,31,24,39,11,40,44,17,63,27,18,5,47,32,40,53,23,37,26
2008-11-01,53,31,10,17,17,57,37,16,26,44,21,30,35,19,21,55,37,47,20,26,69,22,35,16,35,46,28,53,48,8,14,46,47,64,20,15,48,69,16,4,38,14,45,34,43,50,34,42,27,62,39,45,47,7,41,35,52,43,16,10,25,31,17,79,33,23,40,11,38,45,16,67,27,19,5,48,34,39,57,27,36,24
2008-12-01,46,23,8,15,15,42,34,14,25,39,22,28,32,15,19,50,33,42,18,23,67,20,31,13,33,47,24,46,45,7,14,43,44,61,19,15,48,47,13,4,35,13,34,41,38,52,30,58,23,59,31,46,46,6,39,44,47,39,15,11,27,30,17,37,31,18,36,11,36,38,14,56,25,14,5,36,33,32,48,26,30,29
2009-01-01,60,29,8,17,17,46,36,15,28,42,20,28,36,19,19,47,39,46,23,28,71,20,29,16,37,51,26,59,53,9,14,56,40,58,23,16,49,38,16,4,43,19,44,49,59,82,38,38,24,65,33,51,50,6,37,39,50,41,20,10,26,34,20,22,29,21,39,12,39,43,15,62,28,17,6,42,32,42,55,25,29,26
2009-02-01,57,29,9,17,17,50,36,16,29,40,22,27,36,17,22,48,40,47,23,28,71,19,32,16,37,44,27,58,49,8,15,54,48,61,22,15,50,36,16,4,45,19,36,46,45,67,45,39,27,62,36,48,50,7,39,46,53,39,19,10,26,37,23,21,31,23,40,11,38,43,15,59,30,16,6,44,33,49,63,24,34,28
2009-03-01,61,35,9,19,18,55,39,16,27,42,23,29,40,21,23,56,41,49,26,28,73,20,35,18,39,44,27,57,49,8,16,56,49,61,29,17,49,37,17,5,47,17,43,42,53,61,27,41,35,65,49,48,51,7,39,37,53,39,20,11,79,38,24,23,31,21,42,12,42,42,16,61,32,16,6,47,35,44,55,26,35,28
2009-04-01,55,28,9,18,16,56,36,16,26,39,25,28,38,20,28,66,39,47,27,31,79,20,37,17,56,40,30,59,49,8,14,54,46,72,21,17,48,100,20,5,47,19,31,37,42,60,32,39,28,61,33,48,51,7,42,46,51,40,22,11,33,41,26,26,39,31,42,12,40,41,18,61,37,18,6,48,37,41,50,26,32,24
2009-05-01,58,33,10,18,15,54,41,16,42,36,25,29,43,19,26,63,41,46,29,27,82,20,35,18,41,41,29,58,47,8,17,50,46,71,21,17,44,48,19,5,48,25,28,34,42,60,26,41,27,64,34,49,52,7,41,40,55,38,18,11,27,34,27,25,32,30,40,11,42,38,18,58,28,16,8,53,39,41,50,24,32,22
2009-06-01,54,28,9,17,15,58,38,17,30,36,26,39,39,19,29,66,43,46,28,28,81,18,26,17,41,41,29,57,45,8,16,48,38,76,20,18,42,36,21,4,50,18,31,31,47,59,26,42,23,65,35,49,50,6,41,37,51,40,21,12,29,39,27,23,31,21,39,11,37,33,20,61,31,16,5,53,34,41,51,35,37,21
2009-07-01,59,21,10,17,16,65,32,17,29,37,25,30,44,17,26,68,48,43,29,28,78,17,23,18,44,43,28,61,47,7,15,56,37,74,20,21,45,30,19,4,47,18,27,32,42,62,32,42,22,66,32,47,54,7,42,50,51,43,17,10,27,34,28,24,33,23,41,11,38,33,19,61,28,17,5,49,34,44,54,30,33,20
2009-08-01,56,24,10,18,15,56,29,16,29,39,26,29,42,19,29,68,47,43,28,29,76,17,22,18,42,37,30,63,48,7,15,56,34,74,20,19,47,28,20,4,42,18,33,33,46,60,27,40,22,67,36,48,53,6,51,39,55,44,19,9,43,37,28,24,28,22,37,11,35,33,20,65,28,19,5,48,34,42,48,20,33,21
2009-09-01,57,28,9,17,16,58,33,17,27,39,24,32,48,22,35,67,50,50,28,28,83,18,29,100,46,37,29,58,47,7,18,50,44,74,23,21,49,32,20,5,45,18,31,26,45,54,30,43,23,63,34,48,50,6,42,45,52,43,21,11,34,38,26,23,32,23,43,11,38,40,24,63,31,16,5,53,35,38,51,24,34,21
2009-10-01,56,30,10,17,16,59,36,17,28,42,26,35,40,22,29,73,51,45,28,30,84,19,39,76,41,39,31,53,44,8,16,52,42,69,23,16,55,39,20,5,39,17,32,31,41,54,32,42,26,65,33,48,49,7,41,45,52,44,25,11,33,39,24,27,32,22,46,15,36,39,34,65,31,25,6,55,37,37,49,22,35,23
2009-11-01,59,31,10,17,16,59,35,17,26,49,24,33,38,19,28,72,49,44,29,31,95,20,33,42,41,43,32,53,45,8,15,52,50,73,22,20,54,44,22,6,36,19,28,32,39,52,40,46,29,70,35,47,50,7,42,43,56,46,25,10,28,40,24,78,34,25,45,16,36,37,29,64,32,16,6,58,39,38,48,26,33,23
2009-12-01,49,36,10,15,14,48,31,15,38,44,26,26,35,16,24,63,46,41,25,30,90,19,30,49,37,37,31,50,40,8,14,44,42,72,20,17,64,37,19,4,32,20,26,36,36,57,24,60,23,75,30,50,48,7,40,37,50,45,16,10,67,32,23,36,32,65,43,11,32,35,23,60,25,14,6,48,36,31,44,39,29,18
2010-01-01,57,28,10,16,16,53,32,18,29,46,27,31,40,18,26,61,53,44,29,33,94,19,30,28,41,39,32,60,49,9,14,56,42,73,22,17,75,37,22,5,40,21,40,46,52,85,40,43,25,74,36,50,51,7,41,51,54,51,21,23,28,38,29,23,36,25,44,12,36,38,23,64,27,15,6,61,37,45,52,53,40,20
2010-02-01,56,25,9,18,15,59,60,17,35,47,27,29,39,18,26,62,53,44,30,31,96,24,33,24,39,41,31,61,48,8,15,57,46,67,45,18,66,34,27,5,42,19,29,51,47,94,34,45,25,70,34,54,59,7,39,47,55,47,18,11,29,40,28,21,29,25,47,12,37,39,23,71,31,15,5,59,33,41,54,26,34,21
2010-03-01,59,29,10,18,15,62,38,19,27,45,27,27,44,19,28,66,55,45,31,32,96,22,36,20,41,42,32,59,45,9,15,56,49,80,21,18,60,35,24,6,43,18,28,53,46,90,27,45,26,72,36,47,50,7,51,48,57,49,19,13,27,37,29,24,32,25,55,11,38,40,24,63,30,17,7,61,39,39,50,27,33,23
2010-04-01,57,27,10,18,14,63,38,17,27,43,28,28,43,20,29,69,52,65,31,35,91,21,36,19,40,39,32,55,44,9,15,52,49,82,21,17,57,38,24,6,44,18,26,36,41,65,35,43,28,70,34,47,48,7,47,49,55,50,20,10,23,39,30,25,37,26,50,12,38,41,23,61,33,14,7,62,41,38,48,28,34,22
2010-05-01,51,31,10,19,15,65,35,19,29,42,31,30,42,19,34,70,55,48,36,33,97,20,35,21,43,43,34,55,44,10,20,50,48,80,24,21,80,37,28,5,48,19,25,40,41,69,30,43,25,82,33,49,51,7,44,49,60,49,23,10,29,45,30,25,29,18,48,12,39,39,27,63,32,21,5,69,42,39,48,25,38,24
2010-06-01,56,26,10,30,17,62,40,35,28,50,29,28,44,18,100,76,57,46,60,32,92,16,28,18,44,42,33,53,41,8,58,54,43,86,72,100,69,31,46,5,63,20,28,32,42,63,29,41,22,77,32,53,69,6,42,47,69,42,19,9,29,39,32,25,35,20,46,11,36,35,63,73,37,15,5,65,36,39,46,20,33,25
2010-07-01,55,31,10,50,14,60,33,20,26,42,32,25,43,20,80,69,60,41,32,31,84,16,24,18,43,46,30,55,42,7,18,54,39,90,19,20,68,29,28,5,88,20,25,33,41,66,30,42,21,78,34,44,50,7,41,37,55,43,17,9,26,37,31,24,24,18,58,10,34,30,80,60,27,17,7,55,34,40,47,20,33,19
2010-08-01,55,29,13,15,15,59,35,19,28,43,42,24,42,22,32,68,60,40,27,31,76,18,27,16,43,42,32,56,44,7,17,56,44,93,20,19,58,28,24,6,43,20,28,32,42,64,29,40,22,76,42,46,46,7,43,45,56,42,17,9,28,38,30,23,30,21,43,10,35,30,24,62,30,22,4,51,35,39,42,21,33,20
2010-09-01,55,28,12,16,16,78,42,19,25,44,31,24,39,22,29,71,54,41,26,30,78,17,28,22,67,40,31,54,41,7,21,47,44,85,19,17,58,30,22,6,42,18,25,29,36,61,31,44,23,68,49,44,52,6,41,51,56,42,18,9,37,37,27,24,25,24,44,10,36,34,25,59,28,16,6,54,36,36,45,21,35,22
2010-10-01,51,33,11,15,14,68,41,20,24,46,31,26,39,29,30,68,53,39,26,31,77,17,27,18,44,37,31,50,40,7,30,45,46,85,19,15,79,31,22,8,36,18,21,30,43,58,29,42,26,71,38,43,43,7,42,37,59,41,16,10,24,37,25,26,28,25,49,10,36,34,26,57,28,17,5,58,38,34,45,34,34,23
2010-11-01,53,29,10,15,16,76,37,19,25,50,28,25,37,24,28,66,55,39,25,32,78,18,29,21,37,42,30,53,43,8,15,45,45,87,18,14,69,35,23,8,34,19,26,36,42,77,30,49,26,77,33,43,41,6,42,46,60,41,14,9,30,35,22,81,34,21,46,10,35,34,25,59,27,14,5,59,42,40,45,32,35,23
2010-12-01,45,46,11,14,14,68,33,18,24,44,29,24,36,20,25,62,49,36,21,61,75,19,26,14,34,47,28,53,38,7,14,42,42,84,15,13,72,32,22,9,31,18,21,31,40,58,21,67,28,69,28,47,40,7,39,37,53,42,13,8,23,32,23,37,30,19,38,10,33,32,23,55,25,15,5,48,46,33,39,25,30,21
2011-01-01,57,37,10,15,14,61,51,19,25,47,31,25,40,20,27,66,58,38,25,42,77,19,29,15,37,42,32,51,45,8,15,54,45,86,18,14,56,33,27,24,37,20,30,41,50,84,31,43,48,78,32,45,44,8,38,42,64,43,16,9,25,36,64,24,33,23,44,10,34,33,25,60,44,18,5,56,40,35,45,30,33,22
2011-02-01,56,47,10,15,20,62,43,19,24,58,32,26,41,23,29,66,56,39,26,37,77,17,29,16,37,46,35,54,43,8,14,54,46,80,19,14,52,41,23,18,36,20,34,37,51,69,27,44,35,74,34,42,44,8,38,39,58,43,17,9,24,38,38,22,46,25,53,10,35,34,27,58,29,15,5,61,36,40,52,43,37,24
2011-03-01,58,41,10,17,16,66,38,21,24,50,43,26,44,28,35,74,59,38,25,38,80,19,30,17,37,42,39,52,43,8,14,50,46,87,17,17,51,35,25,12,39,22,26,31,44,61,31,42,27,71,35,41,43,12,45,39,59,49,16,9,31,37,28,21,50,27,49,10,36,35,26,59,27,17,5,58,37,41,46,46,37,27
2011-04-01,51,26,10,16,12,58,37,27,24,40,31,24,41,22,31,81,53,38,25,36,69,19,30,16,37,36,32,47,41,7,14,48,45,87,18,14,51,39,21,11,39,20,22,28,37,56,35,42,26,75,47,40,42,14,41,43,57,42,14,8,27,34,27,26,30,25,48,10,38,35,26,57,27,15,6,55,35,37,42,33,34,22
2011-05-01,54,36,11,15,13,60,35,21,26,41,39,26,41,23,35,76,56,41,25,35,73,19,32,18,47,37,33,54,54,7,16,100,41,90,21,16,50,35,23,12,47,18,21,27,44,58,32,43,27,67,36,44,46,11,43,41,65,43,15,8,29,35,26,24,28,31,55,10,40,34,26,59,30,16,6,63,38,38,44,32,34,23
2011-06-01,52,65,11,15,13,61,31,24,26,43,31,25,47,22,34,82,62,39,25,35,71,17,28,16,44,39,34,48,40,8,16,52,37,90,17,15,48,30,22,14,41,21,22,24,39,54,30,41,26,69,34,42,53,12,41,41,62,43,15,8,29,36,25,23,30,24,45,11,34,29,26,62,31,16,5,64,34,35,42,35,35,23
2011-07-01,55,31,12,15,13,59,32,23,100,41,33,23,45,22,68,91,68,38,26,36,68,16,23,21,42,44,33,50,40,7,16,55,39,93,16,17,48,62,23,100,41,21,22,26,38,60,26,42,52,73,34,45,46,9,43,46,56,47,17,8,28,37,25,23,99,17,45,10,34,28,51,66,33,14,5,67,33,36,41,22,34,24
2011-08-01,58,42,13,14,13,63,33,24,33,40,33,23,43,24,35,76,65,37,26,35,64,16,21,19,45,40,35,51,38,7,14,88,38,90,16,17,52,88,24,28,37,21,22,25,42,56,34,43,25,69,41,40,46,12,42,49,58,45,17,8,29,40,25,23,35,40,43,10,34,29,28,62,30,20,5,57,33,39,38,19,37,27
2011-09-01,86,37,14,15,14,65,50,24,25,43,35,22,40,23,34,73,65,46,23,37,71,19,24,32,72,37,34,52,39,7,19,50,40,89,18,17,47,56,24,27,37,20,24,24,43,52,100,44,26,62,39,39,44,9,40,44,62,44,18,9,100,41,24,22,32,34,44,10,34,31,26,59,31,15,5,55,33,39,44,24,54,28
2011-10-01,55,34,11,15,14,65,40,23,25,48,34,22,42,28,41,77,59,47,22,39,67,17,28,18,39,40,38,49,37,7,15,45,44,86,20,13,55,59,22,23,35,20,23,21,40,55,36,45,26,68,39,39,41,9,42,47,60,52,17,9,58,37,27,30,35,40,51,10,35,32,28,59,32,13,5,58,35,42,56,26,43,26
2011-11-01,58,30,12,15,12,67,36,23,25,48,35,21,40,27,34,69,60,48,21,38,65,19,28,18,35,41,33,46,38,8,16,44,43,87,15,13,54,47,21,24,35,21,23,26,42,65,33,49,25,65,40,42,42,12,41,45,62,45,15,9,25,36,23,84,38,26,45,13,35,32,25,57,32,13,5,53,41,33,42,23,42,26
2011-12-01,52,30,12,14,12,49,33,21,27,47,34,20,36,25,27,58,57,43,17,37,62,19,25,24,36,41,32,46,36,7,12,47,41,84,14,13,52,38,18,23,28,20,20,24,42,55,33,69,25,58,31,40,40,11,40,37,58,41,13,8,20,31,24,37,30,24,40,10,32,28,21,56,30,12,5,40,33,27,39,22,34,22
2012-01-01,55,26,11,15,12,55,46,30,29,50,32,22,42,25,24,56,62,40,20,42,69,19,28,19,36,40,33,51,43,9,16,51,41,83,17,13,49,43,22,28,35,22,22,32,51,77,31,44,28,65,35,42,46,10,40,45,63,45,16,9,26,36,28,23,34,20,42,10,37,33,21,57,29,13,5,48,34,34,44,22,45,24
2012-02-01,56,29,11,16,12,56,34,25,26,49,34,24,42,26,25,53,64,40,19,42,70,19,28,17,38,51,35,51,42,9,13,61,41,86,17,13,50,42,22,25,35,26,23,26,48,66,35,45,26,67,34,42,45,22,41,42,61,42,16,9,30,37,26,21,34,22,45,10,36,31,22,55,33,16,5,45,37,38,51,24,84,26
2012-03-01,55,28,11,16,12,60,35,25,35,48,37,21,45,23,29,57,62,39,21,39,63,21,30,19,35,44,35,49,40,8,13,55,45,86,15,13,50,38,23,27,36,26,20,22,42,63,28,44,30,64,35,49,48,16,47,52,61,41,17,8,37,36,24,21,34,23,98,10,37,31,21,55,31,14,6,47,37,34,45,32,41,25
2012-04-01,54,28,11,16,11,55,36,23,34,47,32,23,41,23,27,56,57,38,21,44,61,19,28,17,39,41,35,49,40,8,14,53,45,85,16,14,46,35,21,38,40,20,18,19,39,57,43,42,35,64,36,48,44,11,45,46,64,41,14,9,22,33,25,25,33,18,48,11,35,31,19,55,32,14,6,42,37,32,41,43,40,25
2012-05-01,50,30,14,17,11,62,40,27,35,44,30,23,42,24,28,59,60,43,23,41,67,21,29,17,43,38,37,50,40,7,17,50,44,87,21,14,48,34,23,28,43,19,16,21,39,59,28,44,32,59,42,55,48,12,43,44,64,41,15,8,23,35,25,23,33,19,47,14,35,31,21,55,32,14,7,50,38,34,42,42,39,25
2012-06-01,56,28,12,25,11,58,35,31,29,47,33,24,45,24,37,60,64,72,53,40,60,24,27,18,38,40,38,49,37,7,14,46,39,89,15,14,42,32,22,24,70,21,20,21,40,54,31,43,32,65,34,70,45,17,43,42,65,46,15,9,25,36,27,24,33,18,46,36,33,26,24,58,33,15,6,49,31,35,41,28,43,25
2012-07-01,53,48,12,16,12,58,32,28,31,47,32,28,46,27,31,61,68,40,24,41,64,17,23,20,42,52,40,48,41,9,13,58,41,91,15,16,50,29,22,27,59,26,21,26,42,60,61,43,47,68,41,42,48,21,42,57,63,46,16,9,30,37,28,23,37,40,47,11,37,26,21,69,31,19,5,43,32,32,42,32,40,25
2012-08-01,58,47,13,17,14,61,34,28,30,45,33,22,44,24,33,59,69,37,22,37,64,21,24,17,38,40,37,49,39,10,14,51,39,88,15,18,48,33,25,26,43,23,25,23,55,60,63,44,51,60,48,43,47,20,46,49,64,44,21,10,23,41,29,23,33,26,56,11,36,28,22,72,34,14,5,45,34,35,40,28,41,23
2012-09-01,54,46,14,16,13,68,34,25,26,51,40,22,41,25,35,63,67,37,21,42,60,18,26,16,48,40,41,48,40,7,14,47,43,92,15,15,54,38,23,25,39,23,18,20,37,60,33,45,45,56,56,40,45,14,42,42,62,46,16,9,24,35,26,23,28,31,48,11,32,30,25,60,32,14,5,46,35,33,41,33,40,26
2012-10-01,52,37,12,15,11,59,33,25,26,49,32,21,43,25,37,58,63,45,21,39,65,17,26,15,69,47,38,44,38,7,15,41,43,86,15,13,47,31,23,24,35,22,19,19,40,58,29,44,32,60,40,42,41,17,41,42,63,45,15,9,20,35,22,28,31,18,49,10,31,32,26,60,26,13,6,58,34,33,40,24,42,26
2012-11-01,54,47,11,14,12,67,34,25,25,49,30,22,41,25,25,57,60,33,18,40,63,18,30,24,34,40,39,43,39,6,12,39,56,85,15,12,46,29,23,24,30,21,17,19,39,52,31,48,26,63,38,46,41,14,40,41,65,46,14,8,28,37,20,85,30,23,50,9,30,33,20,63,28,12,5,47,35,32,41,26,41,24
2012-12-01,46,38,11,12,12,50,33,24,26,48,38,20,34,21,23,51,61,30,16,39,62,19,24,20,32,48,36,40,35,6,12,40,40,85,13,12,45,27,19,22,27,23,19,22,41,55,28,67,23,57,43,39,42,18,39,38,62,46,11,9,19,46,20,38,33,19,42,9,27,27,18,57,25,13,5,39,33,25,36,26,38,22
2013-01-01,56,32,11,15,12,56,48,27,27,51,37,21,42,25,26,54,61,35,20,43,60,19,26,16,35,52,38,49,42,7,14,49,42,84,14,13,48,31,24,22,34,26,22,26,53,76,36,44,23,64,35,42,46,13,39,40,66,46,15,15,20,48,25,24,32,17,45,9,31,28,21,56,28,13,5,48,34,35,41,28,56,25
2013-02-01,56,32,11,14,12,58,37,31,25,54,32,20,40,36,25,48,61,36,19,43,60,50,27,16,32,41,38,47,38,7,12,47,41,80,14,12,63,28,26,24,33,23,20,21,47,64,37,42,24,62,36,40,46,12,37,41,67,44,19,11,21,46,25,22,34,19,47,9,31,29,20,55,28,13,15,44,32,34,48,25,42,27
2013-03-01,54,40,13,16,12,57,33,27,24,56,34,19,45,25,28,54,60,45,20,40,68,20,27,16,100,39,39,47,39,7,14,46,46,86,14,13,48,29,25,24,35,24,19,22,48,62,29,41,25,64,37,39,46,14,43,46,65,43,16,9,20,42,25,25,36,23,46,10,31,28,21,56,29,13,23,52,35,37,46,25,39,28
2013-04-01,54,37,12,17,12,62,35,27,26,51,32,21,42,27,30,56,58,45,20,48,57,20,29,22,35,44,46,43,41,7,13,44,40,86,15,13,52,31,24,27,35,20,17,21,42,61,31,42,25,62,37,39,44,14,41,46,67,41,15,9,24,40,25,25,38,20,46,9,31,30,20,56,30,13,7,59,36,31,39,24,40,27
2013-05-01,54,28,13,16,11,59,40,29,29,49,38,22,43,28,27,53,62,41,21,41,59,19,30,15,46,37,43,44,38,6,12,45,39,86,17,14,45,33,24,24,37,19,16,18,40,59,25,44,25,64,48,44,45,21,43,42,68,41,13,9,21,39,26,24,40,18,47,10,32,28,19,54,29,13,6,48,37,30,38,25,43,28
2013-06-01,60,28,13,15,11,67,37,35,26,52,35,21,49,24,32,61,68,35,22,43,55,18,26,18,37,41,40,42,36,8,12,43,39,100,14,14,44,27,24,24,50,23,15,18,39,55,30,41,26,63,37,41,43,20,41,40,75,43,15,10,26,38,26,28,34,17,47,9,30,23,36,58,37,13,6,52,31,32,38,22,43,25
2013-07-01,58,77,13,14,11,61,33,28,27,49,36,23,55,26,27,61,71,36,21,43,56,18,23,16,38,39,43,46,42,7,12,47,35,92,13,15,49,25,24,31,45,24,16,19,44,63,26,47,26,65,41,37,45,16,43,45,77,45,20,9,22,44,27,23,36,19,47,9,31,23,23,59,33,14,6,45,31,33,39,23,42,43
2013-08-01,57,38,14,15,12,61,34,26,27,49,37,20,44,25,29,59,70,35,21,41,55,20,24,17,34,40,41,51,39,7,15,56,34,89,14,16,47,25,24,27,35,22,17,17,44,57,38,46,23,67,37,37,47,69,42,40,74,45,14,8,21,38,25,22,29,16,46,9,29,22,21,57,29,14,5,44,32,34,37,31,43,47
2013-09-01,57,31,15,15,12,63,35,27,25,53,36,20,43,28,32,61,69,41,21,43,62,22,25,16,56,43,42,43,37,7,15,43,39,90,15,19,47,34,22,25,35,21,13,16,44,54,27,47,24,61,49,40,42,100,42,41,73,46,15,9,20,38,22,23,34,17,46,11,30,28,24,58,36,13,5,46,32,31,39,30,48,31
2013-10-01,56,35,13,16,12,62,40,29,25,53,33,20,49,28,34,57,66,51,20,42,60,19,26,17,40,44,40,41,40,7,12,44,37,86,15,12,52,39,24,26,33,21,15,17,40,55,25,46,24,63,39,41,43,17,40,44,77,44,15,8,26,37,22,28,35,18,47,10,30,30,24,57,32,14,6,55,34,31,40,22,51,26
2013-11-01,55,31,15,15,14,62,40,33,26,54,35,21,40,32,27,58,100,45,25,42,69,19,26,20,34,44,44,44,39,7,12,44,38,85,15,11,50,32,26,27,29,22,17,18,44,58,27,48,24,63,41,51,40,14,40,44,76,46,14,8,43,37,20,88,38,17,50,22,29,28,25,57,29,13,6,54,37,31,40,23,43,25
2013-12-01,50,27,13,13,11,51,35,24,25,53,38,18,37,24,23,51,61,35,16,41,57,19,24,14,30,47,40,38,36,7,13,42,32,88,12,11,52,28,29,85,26,23,16,20,44,67,27,76,43,60,37,38,39,13,39,41,71,49,11,9,22,31,18,43,35,13,45,16,28,27,21,54,27,10,6,41,33,25,36,25,38,24
2014-01-01,59,35,13,15,14,58,37,28,29,55,34,19,45,28,23,50,67,36,19,45,60,21,28,16,34,51,38,45,40,7,12,51,37,84,15,13,56,35,24,78,32,24,22,23,62,81,37,46,39,69,41,42,45,13,38,40,73,49,15,8,33,35,22,24,33,15,50,19,31,27,20,57,31,15,6,51,32,32,41,22,43,28
2014-02-01,58,38,13,17,13,60,38,28,35,56,35,19,43,29,25,48,67,38,19,43,58,45,29,16,38,47,39,47,42,8,13,49,41,84,23,22,52,32,26,47,32,24,19,24,49,76,32,46,30,69,39,54,48,12,41,47,75,45,15,9,29,36,22,22,37,15,60,46,31,31,20,64,31,12,6,68,33,36,45,24,45,29
2014-03-01,58,34,15,17,12,67,39,31,25,53,45,21,46,28,27,50,65,49,20,48,60,50,29,16,35,44,39,43,40,7,13,46,41,87,15,12,57,32,26,42,34,24,17,21,50,70,35,44,29,65,40,40,42,13,43,43,75,43,14,8,21,36,22,24,42,16,56,100,30,28,21,55,30,13,6,55,37,33,42,23,45,27
2014-04-01,56,39,13,16,11,78,38,29,25,58,37,22,47,34,27,54,63,46,21,42,56,27,44,16,36,47,40,42,38,7,12,45,39,88,14,14,59,30,25,49,34,23,15,20,42,60,41,44,32,66,40,39,44,11,40,41,71,41,14,8,26,36,22,26,39,19,50,46,30,29,21,54,30,12,8,48,35,30,36,24,42,26
2014-05-01,54,35,15,18,10,63,43,39,30,52,37,20,49,32,29,57,64,58,24,44,62,26,29,18,56,47,40,44,38,8,20,43,38,85,16,14,53,31,25,47,39,22,15,16,43,58,35,45,38,65,41,43,46,11,42,42,75,48,15,9,63,38,23,27,40,20,49,41,31,26,24,54,30,13,6,49,40,31,37,24,47,26
2014-06-01,57,44,15,83,12,63,43,81,28,55,37,21,52,29,34,57,68,45,70,53,56,32,26,17,38,47,42,44,37,8,16,45,37,87,15,16,46,26,24,37,80,24,16,17,42,57,34,44,30,68,43,45,81,11,40,51,75,43,23,8,49,46,25,23,38,17,48,24,30,34,100,82,33,13,5,49,33,34,37,22,52,27
2014-07-01,63,41,15,100,11,66,37,37,29,51,35,22,51,31,28,59,74,42,25,48,55,28,24,17,40,52,41,45,43,7,14,46,45,87,14,16,48,25,25,37,37,25,14,16,44,64,26,48,27,67,44,41,75,11,48,42,77,43,15,9,31,37,25,23,39,21,52,43,29,28,26,66,31,15,5,47,31,32,37,19,50,26
2014-08-01,61,34,17,16,11,64,38,35,28,54,46,21,50,39,28,55,71,39,21,46,53,24,24,17,36,47,40,47,47,8,15,47,61,89,14,17,45,24,26,35,34,26,14,15,46,59,30,49,27,68,42,42,44,14,44,49,78,44,14,9,33,38,23,24,35,21,50,36,28,23,20,57,29,15,5,43,35,31,35,20,48,28
2014-09-01,59,40,15,17,11,73,43,32,28,59,39,21,45,36,26,58,72,51,20,49,59,25,24,15,45,50,44,100,100,9,22,44,57,90,15,15,46,29,25,35,37,22,15,14,45,55,36,49,27,69,43,41,47,20,41,52,75,45,15,10,27,39,21,23,37,19,53,31,39,26,21,59,33,12,5,44,33,34,40,27,51,27
2014-10-01,63,44,16,16,11,66,40,32,26,57,40,20,49,33,29,58,69,49,22,43,62,22,27,17,62,48,41,43,38,8,27,44,78,86,17,13,49,27,25,34,34,23,13,15,42,54,32,48,29,73,52,43,42,15,41,41,79,45,14,10,23,37,20,29,34,20,57,19,29,28,23,54,42,13,6,51,33,30,37,24,58,30
2014-11-01,57,36,15,17,13,63,40,31,25,60,39,19,42,33,28,55,71,47,21,45,68,22,27,22,37,43,42,45,37,7,14,46,52,83,14,17,48,27,24,33,27,29,17,16,45,59,33,53,27,70,42,40,41,11,40,39,78,45,14,10,29,34,18,92,37,18,62,20,29,26,22,53,28,11,5,50,37,33,38,24,62,36
2014-12-01,47,34,15,14,12,59,36,27,24,58,48,20,40,31,23,51,69,40,16,47,56,24,24,14,31,54,41,37,34,7,12,41,44,86,14,11,49,27,19,31,26,29,15,18,44,62,37,83,25,68,40,41,40,9,40,38,73,49,12,8,20,32,18,42,35,16,50,20,26,26,20,53,33,10,6,41,35,24,34,25,52,30
2015-01-01,60,41,15,16,12,65,51,34,28,64,39,19,47,32,25,49,72,40,18,60,56,24,27,15,34,55,58,45,39,11,12,50,45,82,17,12,47,28,24,33,33,35,21,21,58,78,40,53,26,73,44,41,45,9,40,40,76,46,16,9,27,36,22,24,41,14,52,20,30,27,22,55,39,15,6,49,35,31,38,51,71,28
2015-02-01,59,32,14,16,13,64,50,34,25,60,57,19,45,44,24,48,69,38,18,53,55,24,28,17,33,49,44,45,37,7,12,48,41,76,15,12,52,29,31,36,32,30,25,17,60,65,37,51,28,80,48,40,42,11,65,45,80,43,15,9,24,37,20,22,37,16,55,34,28,28,21,54,32,12,5,46,33,36,45,34,53,40
2015-03-01,60,38,16,17,18,66,45,43,25,63,50,20,53,41,28,50,69,44,21,54,57,23,29,19,34,49,46,47,37,8,14,56,45,84,16,13,48,28,32,36,35,31,18,16,51,62,31,50,27,74,48,40,43,10,42,48,76,43,15,9,27,36,38,24,38,23,58,21,29,27,21,53,34,100,5,48,36,35,41,85,55,51
2015-04-01,57,37,100,17,11,66,46,36,26,58,42,20,53,39,28,52,65,41,20,48,53,22,31,18,34,55,48,40,39,7,13,47,40,83,15,13,50,32,26,34,34,23,17,15,48,56,36,50,28,71,46,39,43,9,42,47,81,42,14,12,25,34,19,27,36,19,57,17,28,27,20,54,30,13,6,46,39,30,37,100,53,29
2015-05-01,57,40,62,17,11,64,42,32,30,54,43,22,48,47,27,51,65,42,21,49,54,22,29,22,39,46,45,42,38,7,14,43,37,81,16,16,49,29,23,38,37,24,14,15,42,53,32,49,29,84,42,49,44,10,40,45,80,42,14,9,26,36,19,24,43,18,56,16,33,28,20,53,29,12,6,47,39,30,37,46,50,39
2015-06-01,59,40,24,19,11,65,41,34,31,65,41,23,51,36,61,74,71,42,24,49,56,21,26,19,36,51,44,43,34,8,19,51,33,85,15,21,50,27,23,37,36,25,15,14,50,57,36,50,28,78,47,56,47,10,46,45,82,46,15,10,28,40,75,26,41,19,60,16,31,29,33,59,34,13,6,58,35,34,37,33,52,35
2015-07-01,65,42,20,16,10,63,37,33,28,58,43,22,63,50,47,60,75,39,22,45,53,20,23,26,37,50,45,43,38,7,16,50,29,85,14,16,45,26,26,36,36,29,13,14,47,59,31,51,26,74,45,41,45,10,43,51,81,44,28,9,30,48,30,25,41,24,58,15,30,29,20,62,29,14,8,48,33,32,36,28,49,47
2015-08-01,60,39,19,16,12,64,37,32,27,61,48,21,49,46,27,53,72,41,22,47,54,19,24,20,37,52,45,43,35,7,14,52,30,86,15,17,47,25,25,45,35,36,15,14,46,58,33,52,30,73,59,42,44,11,48,49,79,45,15,9,26,37,15,24,35,18,56,15,30,28,20,55,31,13,7,49,33,36,35,30,52,32
2015-09-01,100,48,19,17,12,71,39,31,27,63,41,21,47,40,28,57,71,51,22,46,64,23,26,32,78,72,56,45,35,7,22,48,34,97,17,16,45,29,26,37,37,27,14,12,43,53,34,53,28,70,58,43,47,45,45,63,79,43,22,9,52,44,13,24,39,16,59,13,34,32,23,58,32,12,9,54,31,45,44,32,63,31
2015-10-01,77,51,17,17,13,65,43,33,26,64,41,21,47,36,31,59,69,53,21,47,63,30,27,25,39,58,48,45,35,7,16,47,32,84,15,15,46,28,37,38,34,25,13,13,44,54,35,48,27,71,52,43,42,36,42,49,100,45,14,8,68,37,14,30,38,17,57,13,34,30,25,55,28,16,9,58,33,41,42,27,61,32
2015-11-01,58,35,17,17,12,63,50,35,26,67,40,20,44,38,33,58,66,49,18,48,63,34,29,16,33,52,48,37,35,7,12,45,35,79,15,14,46,31,27,38,30,26,16,14,45,55,45,53,30,72,61,45,40,50,45,51,85,47,15,9,22,37,16,99,45,25,61,12,32,29,25,52,30,12,7,59,34,29,36,31,62,32
2015-12-01,50,30,16,15,11,58,41,28,25,62,38,20,40,35,24,48,68,41,17,48,58,26,27,16,33,54,47,35,33,7,12,47,29,79,13,14,43,27,22,32,28,27,15,16,45,59,35,81,25,67,41,41,41,31,42,58,72,50,12,8,22,34,14,45,37,23,52,11,29,29,20,52,27,11,6,57,32,26,34,28,52,25
2016-01-01,62,33,16,15,13,62,50,32,28,62,41,19,44,38,22,44,69,41,20,49,54,23,34,17,30,61,56,42,38,8,14,49,38,78,14,13,47,38,25,34,35,27,17,18,56,75,41,47,28,73,47,43,43,19,47,52,81,49,14,9,26,37,15,25,40,17,58,11,32,28,19,53,29,14,6,52,33,32,38,30,64,34
2016-02-01,67,59,18,16,12,64,59,33,26,64,45,20,44,37,22,45,69,41,20,45,53,25,32,18,30,58,50,44,37,9,13,49,33,74,15,13,47,34,27,38,35,32,15,18,50,67,39,47,28,72,47,43,44,27,54,44,84,46,14,9,24,38,13,24,39,17,81,12,33,35,19,52,29,13,7,54,32,36,47,27,61,32
2016-03-01,62,34,16,19,14,67,54,34,25,71,57,19,49,37,30,52,66,43,22,52,57,24,30,20,33,58,44,43,37,8,16,50,37,78,17,14,46,31,29,42,36,31,15,16,48,64,42,47,30,68,54,40,45,21,42,64,78,45,13,10,23,36,14,27,39,18,64,12,34,31,27,54,31,11,6,55,34,37,39,32,64,32
2016-04-01,65,44,17,17,10,68,47,34,27,56,38,20,95,41,24,57,66,41,21,43,50,22,30,20,32,52,48,42,45,8,12,47,34,80,16,14,47,32,27,48,38,25,12,14,43,57,35,47,31,72,48,42,43,16,40,43,80,41,13,9,26,35,13,25,35,16,61,12,34,30,22,53,28,21,6,51,35,31,37,25,63,30
2016-05-01,56,63,17,18,10,65,52,35,30,58,38,21,59,42,28,53,74,44,24,44,54,25,32,18,38,54,42,41,39,8,14,46,33,77,19,16,48,32,26,36,41,29,12,13,41,57,36,47,28,72,45,47,49,16,42,44,83,43,16,10,28,39,13,25,35,19,65,16,33,27,19,53,31,13,6,60,38,35,37,23,68,34
2016-06-01,66,46,17,19,11,69,68,35,33,58,39,21,66,39,42,78,69,100,56,45,97,35,27,18,39,49,43,48,38,8,15,52,33,81,100,19,46,31,24,38,57,29,16,14,55,63,44,48,27,75,58,68,78,15,42,49,85,45,13,10,24,36,13,32,32,18,62,31,46,24,31,66,32,14,5,69,33,100,45,22,71,54
2016-07-01,60,30,17,16,11,64,50,33,31,57,45,21,55,38,25,57,75,54,73,42,50,23,26,17,35,53,52,42,38,8,15,48,27,81,16,19,46,26,23,85,38,29,15,13,52,61,35,49,39,68,45,43,47,16,47,41,83,45,14,9,26,36,16,46,32,17,59,11,31,23,20,58,27,13,5,57,33,99,45,19,64,40
2016-08-01,66,94,18,19,12,67,52,40,31,62,55,24,50,46,27,54,73,43,26,47,53,25,26,20,35,61,44,40,33,8,35,50,30,84,15,18,42,28,27,58,38,32,13,13,47,61,51,50,33,74,49,50,48,20,42,50,84,48,15,10,70,37,13,23,37,41,60,15,30,26,19,73,51,15,5,57,33,33,31,24,100,36
2016-09-01,63,36,18,17,12,67,49,33,26,61,52,20,48,43,32,58,69,44,22,43,50,24,27,16,47,61,45,39,36,7,13,53,33,79,25,15,45,27,23,44,37,28,13,12,42,56,32,48,29,66,49,43,45,21,45,45,93,43,17,10,25,38,11,23,39,16,60,12,29,29,23,56,52,13,5,56,33,32,34,23,73,32
2016-10-01,61,43,15,16,17,62,50,34,26,60,50,20,47,45,33,58,68,46,21,45,51,36,28,15,44,54,45,38,34,8,13,51,30,75,17,19,45,28,23,43,33,28,13,13,43,56,40,46,28,67,49,40,45,25,41,45,87,49,12,10,23,34,12,29,32,17,62,12,28,30,23,55,34,13,5,60,34,31,34,42,65,29
2016-11-01,60,39,18,17,17,70,46,38,27,65,44,21,50,44,33,63,65,48,19,46,54,28,29,21,59,54,42,42,35,8,14,46,31,78,15,16,47,31,26,39,33,29,14,12,44,55,35,51,27,68,47,41,42,20,41,45,83,47,14,10,29,35,12,94,34,20,63,12,32,60,23,100,36,13,5,64,37,34,35,24,60,33
2016-12-01,53,31,17,15,12,51,44,33,26,63,43,26,42,43,22,48,62,38,17,47,52,30,26,16,29,66,43,33,34,8,10,45,28,76,14,12,54,29,19,36,28,28,12,14,47,59,31,81,26,65,42,39,41,30,52,44,78,58,11,10,22,33,13,44,37,17,60,11,31,25,17,50,31,13,5,63,40,26,33,26,52,25
2017-01-01,68,35,17,20,12,62,47,33,29,65,44,20,47,40,23,46,66,42,21,53,51,28,28,18,32,69,45,39,38,15,13,59,33,74,14,17,49,32,24,38,37,32,17,16,58,75,56,49,27,77,46,42,45,17,41,46,80,50,13,17,24,36,16,26,37,19,69,11,32,33,19,57,32,14,5,57,33,33,37,30,53,35
2017-02-01,65,37,17,20,11,64,46,34,26,65,42,20,46,42,23,46,65,41,21,46,55,26,31,22,33,56,44,44,39,8,12,52,32,78,14,15,48,42,25,45,35,32,14,16,53,73,39,49,30,70,50,69,46,15,42,46,81,47,13,10,25,37,11,22,38,25,59,12,36,29,19,53,30,14,5,56,34,43,46,42,58,30
2017-03-01,63,32,19,25,12,68,46,34,27,64,40,21,50,42,32,56,65,44,23,55,52,29,32,20,35,62,43,46,38,10,13,58,36,79,15,16,47,47,24,48,38,31,14,16,51,68,43,51,33,71,47,43,47,17,43,48,75,44,26,10,24,45,13,24,34,22,62,12,39,29,24,54,34,14,5,66,37,39,41,32,71,28
2017-04-01,59,33,18,19,11,62,45,30,26,62,43,19,48,44,27,50,62,42,23,45,48,42,30,17,33,61,42,39,40,8,13,53,33,81,15,15,50,35,22,43,40,28,11,13,45,61,36,49,30,69,42,48,45,88,43,51,79,45,12,10,24,33,12,28,33,17,60,11,35,28,18,55,51,13,5,60,37,33,36,30,59,25
2017-05-01,56,37,19,19,11,61,45,32,30,60,44,21,47,48,25,51,63,43,27,46,49,28,31,19,42,52,58,40,39,8,12,52,33,78,15,15,46,36,23,42,41,27,12,12,46,66,36,49,28,67,46,45,46,17,42,48,80,45,12,10,27,34,12,23,32,18,59,12,36,27,18,53,33,23,6,64,39,33,34,26,67,25
2017-06-01,57,33,19,18,13,65,41,31,32,62,84,22,52,39,31,56,64,45,47,100,50,30,25,27,62,55,55,45,37,8,17,53,30,79,16,17,45,28,27,32,41,39,11,13,50,63,54,49,25,64,43,46,48,18,43,47,80,45,17,12,29,42,12,22,32,16,60,11,33,23,22,56,41,14,6,65,33,35,34,25,65,27
2017-07-01,62,27,19,17,11,65,40,32,30,60,45,23,53,44,26,54,67,51,30,59,47,25,24,24,37,61,41,40,39,8,13,58,27,83,14,19,45,26,22,32,39,35,11,12,46,64,34,52,25,69,46,40,49,14,43,44,83,49,13,9,30,37,13,23,32,16,58,11,28,23,18,55,32,15,6,64,33,34,36,22,58,32
2017-08-01,60,34,20,18,10,64,38,31,28,63,46,24,48,47,31,53,67,42,27,52,46,22,27,19,38,62,41,41,38,8,14,53,100,81,14,19,44,26,22,33,44,44,12,11,56,63,43,52,24,64,42,40,49,12,42,45,76,49,14,11,30,37,12,22,34,26,59,11,29,23,23,54,35,14,5,68,38,34,33,24,54,27
2017-09-01,64,36,19,18,11,62,40,31,28,60,41,21,48,44,34,62,63,48,25,46,49,24,25,17,47,55,43,40,37,9,18,52,32,84,23,22,43,26,22,33,41,33,24,15,100,72,63,51,26,62,46,39,47,15,43,51,73,48,16,12,27,38,12,24,38,22,66,11,31,28,24,53,38,19,5,63,47,35,34,21,63,27
2017-10-01,64,41,18,20,15,67,100,30,27,67,45,19,51,44,38,77,64,49,29,49,51,26,27,20,38,57,43,43,38,8,14,51,34,81,21,23,48,66,23,35,44,37,12,11,45,56,37,51,28,64,47,41,51,18,45,44,78,45,26,12,30,47,12,29,40,20,69,11,32,28,22,54,37,16,5,70,38,37,35,22,65,29
2017-11-01,64,39,19,18,16,62,45,33,28,71,40,18,47,50,24,74,64,51,22,51,54,26,29,28,34,63,60,40,37,10,12,49,33,82,15,13,46,29,23,37,32,41,12,12,48,59,43,53,28,68,47,52,52,13,44,46,80,47,12,11,67,34,13,99,34,19,65,11,31,27,19,53,55,13,5,79,39,34,35,35,58,100
2017-12-01,52,53,19,17,11,56,44,26,28,70,40,19,43,36,22,53,62,41,20,50,51,26,27,19,32,59,45,35,37,9,11,48,30,82,14,14,48,37,21,34,30,57,14,14,53,63,42,97,28,64,41,41,47,11,42,42,73,46,11,10,26,32,12,43,32,16,58,11,29,24,18,50,34,13,5,73,35,29,34,39,49,35
2018-01-01,70,36,18,19,13,63,45,29,34,76,46,22,48,41,24,52,66,43,24,58,51,24,29,19,31,74,42,42,41,9,11,61,32,85,14,15,45,31,46,35,37,35,18,16,64,78,47,53,28,68,49,44,52,14,43,42,80,51,14,10,25,36,13,26,40,17,100,10,32,27,19,54,100,14,4,83,40,34,38,25,64,35
2018-02-01,64,48,19,20,12,66,46,31,35,72,41,21,47,45,24,49,65,45,24,51,52,31,30,19,35,67,39,47,40,9,12,56,36,76,18,17,45,32,53,40,38,40,16,13,58,72,48,50,28,68,50,45,56,31,53,47,76,46,14,11,74,38,13,24,49,21,80,11,32,32,18,59,42,14,5,91,34,43,43,26,59,35
2018-03-01,62,43,21,22,12,63,51,32,27,71,42,20,50,43,25,59,61,46,29,56,55,37,31,18,33,74,43,45,37,10,15,61,50,80,16,15,46,36,26,34,42,46,15,13,58,66,50,51,29,68,47,41,51,27,46,48,75,46,13,11,26,35,14,25,34,18,73,11,30,27,21,52,41,14,6,79,38,37,43,28,58,33
2018-04-01,58,43,19,19,10,100,46,29,25,92,42,21,48,39,28,56,61,43,27,48,48,35,31,18,32,63,47,38,41,9,12,55,47,82,14,16,42,30,22,37,41,27,13,11,51,62,50,51,27,65,79,41,48,78,44,47,77,44,12,10,25,35,13,28,35,20,68,10,29,28,18,50,42,16,5,82,37,31,35,26,56,27
2018-05-01,60,49,21,20,10,81,44,33,29,75,43,22,51,39,26,67,61,45,29,48,51,30,33,19,37,59,47,39,37,10,15,53,33,81,16,18,43,30,21,37,42,27,10,10,50,59,39,52,27,67,53,45,54,17,44,43,71,45,12,10,28,35,16,25,35,21,67,13,31,26,19,52,53,14,5,100,37,34,35,23,57,27
2018-06-01,58,41,20,21,10,84,44,100,31,65,44,24,100,36,28,100,65,87,100,60,50,100,30,19,35,57,100,43,34,100,100,56,30,84,16,19,40,28,22,42,81,30,12,12,49,62,43,50,26,64,47,100,100,12,43,45,72,45,12,10,32,35,100,25,35,19,64,11,26,22,96,52,49,14,5,73,33,34,34,26,58,28
2018-07-01,59,41,21,19,9,80,39,33,30,69,61,23,52,50,26,60,68,45,34,70,51,79,32,17,38,60,39,42,40,11,19,56,29,83,14,20,43,26,21,38,52,33,12,11,56,63,60,54,26,71,46,98,68,12,47,61,73,88,13,10,30,35,16,25,42,15,66,12,27,22,67,51,41,16,5,73,36,35,36,22,60,44
2018-08-01,63,56,24,19,10,63,39,31,30,74,51,25,48,48,27,56,67,43,30,51,52,22,29,18,37,53,48,40,41,8,13,58,32,81,15,20,46,26,23,34,39,33,11,12,54,70,40,55,23,66,46,44,53,15,47,74,74,48,13,10,32,39,13,28,45,20,70,11,25,23,18,51,78,14,6,80,39,32,33,29,59,45
2018-09-01,62,64,23,20,10,62,48,31,27,76,67,24,43,43,27,62,69,51,26,51,52,25,29,16,47,51,41,39,39,8,23,57,32,84,17,19,44,27,22,36,43,34,11,11,55,62,36,51,24,64,59,46,55,16,45,63,77,42,12,10,31,35,13,27,36,24,70,11,27,25,21,53,47,14,5,71,36,33,35,27,66,31
2018-10-01,64,68,23,20,10,57,46,32,32,80,52,31,53,45,27,59,62,48,25,58,54,23,33,18,35,56,64,38,36,8,19,53,36,80,16,15,45,26,21,37,39,36,12,10,46,59,39,62,25,67,59,41,49,12,48,80,74,44,13,10,49,37,13,31,36,22,70,11,26,27,19,51,47,14,5,63,34,31,34,32,66,38
2018-11-01,63,52,21,20,14,52,44,32,29,76,48,22,43,41,27,56,63,46,22,51,54,23,30,19,33,61,46,41,39,8,13,51,33,77,14,14,44,28,23,35,31,35,12,11,52,60,41,60,25,67,53,42,48,10,47,49,79,46,12,13,36,33,13,100,40,17,72,16,26,32,23,53,44,13,4,59,35,33,37,46,64,34
2018-12-01,54,38,22,18,11,52,41,28,28,80,46,21,39,62,22,46,63,42,19,54,53,23,30,17,32,66,40,34,43,8,12,51,30,76,13,14,44,26,20,28,31,35,12,13,53,68,51,95,25,65,42,41,48,14,45,53,73,46,10,10,27,31,12,44,38,18,61,13,24,25,17,48,41,13,5,64,40,25,33,39,58,24
2019-01-01,64,39,21,18,19,54,44,30,30,87,49,22,48,40,26,46,66,44,23,62,49,24,34,18,34,72,43,39,41,9,12,59,34,78,13,15,43,29,25,29,39,38,15,14,68,84,49,53,26,71,48,41,51,14,48,52,78,52,12,10,27,33,15,26,56,21,67,11,26,26,21,50,66,15,5,90,39,32,36,50,69,35
2019-02-01,62,46,20,18,18,57,49,42,26,80,80,20,45,42,24,44,65,43,23,61,50,24,33,17,32,70,44,43,42,11,12,58,39,74,14,14,48,30,23,33,36,37,12,13,57,78,48,53,25,68,44,40,47,11,45,49,75,46,12,10,31,34,13,24,45,20,71,10,27,27,19,50,44,15,6,98,37,43,48,29,64,28
2019-03-01,62,47,21,23,33,59,48,33,31,79,63,22,46,45,37,51,63,45,27,61,52,23,37,17,45,57,39,45,40,10,18,58,35,77,18,16,44,31,22,33,38,36,12,12,63,73,44,53,24,66,49,40,50,10,47,52,74,46,13,11,25,35,14,26,45,24,74,13,28,27,19,49,51,16,5,66,38,41,42,28,70,31
2019-04-01,59,36,22,20,11,52,42,29,26,75,47,23,42,42,27,50,61,43,26,53,50,21,40,17,39,59,41,38,40,8,13,54,33,79,15,17,44,28,21,34,38,100,10,10,49,60,39,55,42,66,43,39,48,9,48,49,69,40,12,10,25,32,14,30,40,19,72,13,25,27,18,48,46,14,6,58,35,31,45,27,68,26
2019-05-01,60,39,22,22,12,54,43,29,31,73,55,22,45,40,27,53,64,47,27,53,56,22,33,18,58,53,44,40,38,10,13,54,49,76,19,19,51,28,26,32,43,34,10,11,48,61,37,53,26,71,68,44,53,10,49,48,71,41,12,10,25,34,15,27,39,23,67,13,38,32,18,50,48,14,5,63,36,31,36,28,64,25
2019-06-01,78,35,23,35,20,73,41,36,38,79,100,23,49,33,87,81,66,48,38,97,68,22,29,19,43,63,51,44,38,15,17,53,33,77,16,19,44,27,38,32,44,47,10,11,49,65,37,54,93,69,44,54,65,9,49,60,94,44,19,9,39,39,22,27,38,23,84,13,26,23,43,57,48,26,5,76,33,34,35,29,70,38
2019-07-01,64,36,23,31,26,52,43,39,31,74,56,25,45,44,27,89,70,43,28,55,51,21,27,19,37,64,41,40,43,32,14,58,32,79,14,20,40,32,24,27,37,40,10,11,54,65,38,54,24,72,46,56,55,8,48,90,77,41,12,10,29,36,28,26,47,17,76,11,26,22,19,61,46,15,6,53,32,32,35,23,62,30
2019-08-01,65,40,23,20,12,53,40,29,31,78,58,29,44,100,28,52,67,44,29,54,51,23,28,26,40,61,43,44,43,8,17,63,30,81,15,21,43,24,22,27,38,33,9,11,51,66,35,59,26,74,44,43,54,9,51,53,79,43,12,10,30,35,16,26,66,28,69,11,25,23,19,52,48,15,5,55,35,41,35,26,65,24
2019-09-01,86,40,24,22,12,57,43,31,28,85,55,25,40,71,29,56,68,49,29,58,55,24,29,31,56,64,61,44,39,8,32,55,39,87,17,20,45,31,33,31,42,35,11,10,61,65,42,57,25,72,44,42,53,10,50,58,77,44,14,11,86,37,17,28,49,22,71,20,29,26,20,54,52,15,5,53,34,40,38,36,70,35
2019-10-01,85,40,23,23,14,56,43,33,28,91,56,21,44,50,31,55,65,47,28,57,57,22,33,32,54,66,48,45,39,15,14,56,33,79,17,16,48,29,100,32,37,51,10,11,49,59,43,62,25,73,41,43,52,29,54,65,72,42,19,10,68,39,14,39,43,19,75,18,28,27,27,50,49,18,5,54,37,51,39,25,63,25
2019-11-01,70,47,25,22,19,53,47,29,30,90,72,20,42,40,32,54,68,49,26,56,64,21,33,21,39,84,46,37,40,9,15,53,37,79,17,16,45,28,24,35,33,36,12,11,51,64,45,63,26,76,47,45,47,11,49,79,71,45,14,11,31,34,12,96,43,60,73,18,27,26,28,51,47,14,4,56,38,42,40,27,70,23
2019-12-01,57,39,24,18,23,47,45,27,28,83,68,20,38,36,24,45,64,41,21,62,53,21,29,27,34,66,49,37,43,8,12,52,33,82,13,14,44,30,23,28,30,65,12,13,52,70,40,100,23,77,35,42,47,8,49,47,71,43,11,27,25,33,12,47,40,34,66,14,25,24,17,47,43,14,5,50,43,30,38,23,62,20
2020-01-01,68,38,23,20,50,53,49,28,30,100,53,23,42,38,26,47,71,44,25,59,52,24,31,20,33,80,47,40,43,9,14,62,34,81,15,15,46,28,31,30,37,96,15,13,67,79,49,55,24,81,39,41,51,10,55,49,75,47,13,24,23,36,14,28,45,34,71,20,27,27,18,57,58,16,5,52,38,34,39,24,64,54
2020-02-01,69,39,24,21,100,56,46,30,28,92,59,20,40,43,27,45,67,48,25,59,58,22,33,19,33,73,47,45,43,9,13,58,34,86,15,14,45,29,42,42,39,44,13,12,62,75,51,52,26,81,39,41,52,15,53,51,74,46,13,18,22,36,13,27,40,30,77,12,33,32,19,54,45,15,5,51,36,42,50,23,67,49
2020-03-01,63,37,22,28,24,65,45,32,28,85,55,15,39,42,31,56,67,51,32,69,89,45,32,30,38,50,55,48,41,10,14,45,34,78,17,13,40,29,52,35,64,41,10,10,45,57,61,43,25,84,36,47,56,13,54,69,77,43,12,19,21,36,12,30,46,32,84,11,53,53,20,84,40,13,9,51,34,39,38,23,62,84
2020-04-01,52,65,19,21,10,69,44,32,25,73,55,14,30,40,29,53,57,39,22,47,63,28,28,21,30,52,53,38,39,9,11,34,37,67,12,10,44,31,28,35,45,25,7,8,30,38,40,37,23,70,33,88,47,8,56,100,73,32,9,20,25,30,11,31,89,35,80,10,40,44,17,82,34,17,9,50,32,29,40,33,54,22
2020-05-01,51,46,20,20,10,62,48,31,24,72,52,12,37,34,28,55,61,39,22,44,60,27,26,19,30,45,43,38,37,9,11,30,36,57,11,10,49,34,28,34,37,24,7,7,35,42,32,38,27,91,30,78,41,8,50,60,94,30,9,17,25,30,10,27,55,38,83,10,36,40,17,70,40,11,5,53,33,30,43,26,53,22
